Code,2000,2001,2002,2003,2004,2005,2006,2007,2008,2009,2010,2011,2012,2013,2014,2015,2016,2017,2018,2019,2020,2021,2022
ABW,4.100963775,4.277072978,4.425833642,4.777505083,5.622020209,6.18729481,6.565660336,6.666022669,6.670840363,4.205989994,2.86046778,4.206093989,1.991637655,3.262643075,3.439352185,3.585278991,3.689024693,3.733753799,3.225018203,2.562433372,,,
AFE,14.65120957,14.71108008,14.09487338,14.45972258,14.39962833,13.57106088,12.22533361,11.87410983,11.18299868,11.61882129,11.12426944,10.48313303,10.28512355,9.943410897,9.749803753,9.953198921,9.949286631,9.781869418,10.83054262,10.7329119,10.35488753,10.48798179,10.52750258
AFG,,,18.82275218,16.92386623,17.55400626,16.59821222,16.3855372,17.74730953,17.8391163,13.14987661,12.52257684,13.77918924,12.48608514,11.49986726,11.47758756,11.420006,4.114196613,3.530422461,6.160177217,7.043181081,7.528114629,8.493156816,
AFW,12.58190503,12.5514021,11.55213576,11.60576934,10.79265071,10.43217148,9.594042284,9.550124302,9.434683545,9.26227173,8.118742474,8.717806247,8.688866235,9.977224348,10.4098916,10.16612441,9.86146461,9.957639343,10.42812477,11.37537446,11.90028375,13.09124199,12.60779169
AGO,2.890163321,3.873100814,3.661825665,3.999814529,4.681938309,3.912883549,3.612815774,3.39949164,3.461736807,5.109421549,4.541774035,4.167804733,4.403289533,4.827342652,4.763071572,5.685144803,6.752680742,6.580549657,6.059469233,6.137446984,7.063042725,6.540512976,7.434451651
ALB,4.317845806,4.09904002,4.066542833,4.124160074,4.177557018,4.425844014,4.904925321,5.296790979,4.997797675,5.197580984,5.452125407,5.661897674,4.614457714,5.059801356,5.325788985,5.671519417,5.684427418,6.158166884,6.13329356,6.256195102,6.156036162,6.155171233,6.536652879
AND,3.830854431,3.451746698,3.43814817,3.615787889,3.655047886,3.476748213,3.435046622,3.398816388,3.576934384,3.612316813,3.699789802,3.660604015,3.723835042,3.838156155,3.676873663,3.706089854,3.74112486,3.748832726,3.610284486,3.673689514,3.733569332,,
ARB,11.94456186,12.42851494,12.6932313,13.0429238,12.75880162,12.3903411,11.88574736,11.48892319,11.18756055,10.97945955,11.00532039,11.64015268,11.44577557,11.21330024,11.37724439,11.64367611,11.62014174,11.38734193,11.56740906,11.38415267,11.81638143,12.35364695,13.17147339
ARE,9.072000292,13.31375919,13.06347632,12.26246108,11.51238292,10.60803974,9.656954628,9.025577573,8.600265388,9.195377117,8.475421758,8.14829316,8.085036377,7.925744268,8.115294537,9.175893352,9.327460911,9.381380823,8.925789795,8.867353108,10.29178004,10.0017515,9.725953229
ARG,16.49427194,16.09322588,20.34777391,22.48675059,18.93701362,18.34041594,17.87779386,17.04741545,16.5383661,15.58377727,15.84486081,15.85069839,15.21680091,15.01105426,14.77277855,14.18158545,13.48802597,12.83516834,14.0601434,13.54083907,14.59052951,15.77343813,16.05333198
ARM,,,,,,,,,,,,,9.424758532,9.68257532,9.666405536,9.206171059,10.28464998,10.63112611,11.27191844,11.71149186,12.3449098,11.03159056,11.3052825
ASM,,,21.2890625,20.61068702,15.52062868,13.6,13.59026369,14.86486486,20,24.14814815,7.155322862,3.684210526,13.90625,14.57680251,11.97511664,13.96731055,13.71087928,10.94771242,13.92801252,12.36476043,15.11789182,8.666666667,
ATG,1.631409107,1.740156387,1.817330126,1.904621865,1.855617794,1.791455467,1.817838621,1.694480103,1.588455851,2.061215321,2.1563829,2.911310812,2.596289898,2.733712433,2.76939111,2.801176731,2.875562197,2.966781242,3.008383618,3.013663343,2.912985837,2.776332253,2.584039279
AUS,11.55273936,10.97636139,10.54404412,10.85408189,10.8735327,10.32522838,9.880800532,9.27923469,9.193907576,8.447244065,7.988003505,7.365165922,7.046797419,6.6049192,6.364900809,6.29537284,6.083055645,5.799890643,5.773455323,5.595366664,5.620080238,5.519553105,5.392845341
AUT,18.21496707,18.34109299,17.72678281,17.45317461,17.33646035,17.40781847,17.82343621,18.15364762,17.41746573,16.36199564,16.47850074,16.59560906,16.70612337,16.49572937,16.56001525,16.69003646,17.04741463,16.84270767,16.82875171,16.59180315,16.1746066,16.92481978,15.90850486
AZE,5.292384646,6.187448265,7.430927835,8.636395438,8.283510351,6.48752246,5.772903308,4.98404471,4.705609759,5.525890763,4.737784057,3.988326101,4.241218624,4.215736826,4.707010697,4.990621552,4.892660678,4.699464584,4.619812216,5.003650963,6.101565073,6.419092907,5.005835945
BDI,10.90123278,10.92481796,11.0867341,11.04303804,11.45083317,11.8850166,10.3672036,11.10936178,9.622533997,9.490401363,9.245838979,9.318993014,8.830567739,9.54581996,10.12420983,8.676553788,9.36171645,,,,,,
BEL,17.53597445,17.04054213,16.79458705,16.20023741,16.08993608,15.87094598,15.01853751,15.06031828,13.99274072,12.91804147,13.33859852,12.92905935,12.62420868,12.56263999,12.56468619,12.69333388,12.35694408,12.42911753,12.17367734,12.34546443,12.25703351,12.04700415,12.64712948
BEN,13.98385772,15.63826572,15.64299615,15.74663839,14.80842935,15.67081858,15.43835004,13.7419113,12.24997876,12.21912052,11.73988533,11.73357014,10.71215569,10.9217699,10.38662818,10.03567008,9.93126564,9.62006825,9.162461995,9.86572844,9.687913103,9.479767827,9.823208667
BFA,15.35693878,14.94120267,14.85118409,15.5877483,15.14056675,13.34076102,14.04397353,14.33772427,13.01313874,13.54798244,12.13998855,11.61215726,10.34232902,10.16977155,10.99604254,11.66029645,11.12043816,10.25920309,10.52520365,10.41059839,10.11929896,10.061624,10.93300527
BGD,14.03531575,14.17835702,14.31743755,14.14546156,14.44207319,14.74399876,15.30756218,15.93407299,16.12436697,16.48018606,16.12122836,15.99673425,15.91422067,16.44201947,16.61270766,16.78867356,20.3479481,20.07506064,20.80229829,21.20794173,20.59833159,21.23567299,21.76481936
BGR,,,,,,,,,,,,,,,,,,,,,,,
BHR,,,,,,,13.24673495,14.4669591,15.09656264,13.98170618,14.48223504,15.04759704,14.85814419,14.81727591,14.92809337,17.38495114,18.10286007,18.50542879,17.61996753,17.62160932,18.29431052,20.54475128,21.4416567
BHS,2.887400065,2.21211542,2.525570984,2.412602352,2.686827258,2.391167321,2.521822518,2.295085673,2.098612958,2.092775367,2.127625855,2.191560457,2.945785605,2.625174354,2.689798447,2.46553984,3.067025224,2.597625168,2.040526016,2.072947537,1.365509606,1.421805059,0.981593189
BIH,9.296022749,9.406456129,9.313522924,9.299795234,9.117742539,9.942766707,10.01778722,10.81107321,11.0122791,10.47754043,10.88480804,10.91601273,10.54511041,10.93711679,10.9401954,11.11779147,11.81382652,12.56398233,12.7319524,12.48001425,12.66183933,13.97625104,14.38403949
BLR,27.04350873,26.5995854,25.96840651,26.65350282,28.55028225,25.3421468,24.99981077,24.90693694,26.18436746,22.45739183,22.51008707,26.42223633,24.78302798,21.99575511,21.08738009,20.64397731,20.151871,21.62877785,21.25817528,21.63999644,21.4866318,22.75849592,24.01527898
BLZ,10.43123191,8.954987608,8.488360314,7.994880748,7.979595463,7.946778206,7.847299622,7.655980563,7.454506974,7.811724832,7.351197871,7.021884371,7.520795799,7.419556355,7.099980138,7.296445035,7.146338326,6.974006095,6.518417967,6.493953464,7.056539639,6.825397508,6.66636359
BMU,,2.108038537,2.135436403,1.709412938,1.742233544,1.647653229,,,,,0.855449206,0.703756924,0.597959797,0.51712437,0.480075734,0.514175208,0.431063531,0.463659127,0.487269749,0.516039343,0.336380217,0.35419239,
BOL,13.24110584,13.34477192,13.03542179,12.78444761,12.50745462,11.62694489,11.33160286,11.41491615,11.16847386,11.61672571,11.27002247,10.33846377,10.21420878,9.927811227,9.738327963,10.19119085,10.98422154,10.49350844,10.3431515,10.48950354,10.95783365,10.72684988,10.28506192
BRA,13.13465959,13.08953794,12.35696267,14.45076456,15.09953016,14.73828114,14.10894588,14.1542648,13.9551769,13.05946215,12.72185961,11.78379767,10.67594231,10.47961229,10.3370974,10.52093745,10.78645112,10.72149801,10.52845738,10.33250054,10.69293157,10.22303076,11.1222246
BRB,7.743095277,7.793419545,7.535812007,8.090045178,7.770358543,7.015316141,7.71200607,6.889174155,7.172039078,7.021610122,5.826335478,6.146379177,5.655797219,5.853101557,5.563344379,5.430925222,5.28978176,5.108867656,4.875495328,4.663833293,5.107833207,4.958258008,4.700041228
BRN,15.36311712,15.72556812,15.68413351,15.31572793,13.2873789,12.30760947,10.56359666,10.38112523,13.70778364,13.96936834,14.90712574,16.43386474,16.62244602,16.49819515,16.12829908,14.5277354,11.46061786,12.65818411,14.06632479,13.6022193,15.76985849,18.51438571,22.12375044
BTN,8.486603296,8.63583591,7.648116802,7.407509859,7.423242582,7.315120825,7.814652862,8.349012805,8.599367864,8.39944371,8.93454271,8.494058715,9.059040223,8.530724001,8.338431275,8.202847606,7.641068164,6.909396482,8.747056628,6.131167076,4.929171626,7.224183172,
BWA,5.626987325,5.84016042,6.057066481,5.705543083,5.554128172,4.949504722,7.102391339,8.528467094,7.681821076,8.469439529,8.499444492,7.731255714,8.073710842,7.993242275,7.848786645,7.242023885,6.503236311,6.173604206,6.147461526,6.092369912,5.659035942,5.231314016,5.37598565
CAF,,,,,,,,,,19.30696633,18.39649783,19.96856112,23.65146879,21.06138825,17.44322761,19.74492116,19.45417359,18.44042004,18.1315381,17.78232111,17.72702657,20.79396314,20.37974683
CAN,17.02443713,16.03874062,15.70905941,14.66325348,14.29554309,13.37476162,12.58334035,11.90294487,10.61151209,10.06119641,10.02715411,9.955396173,10.02016741,9.588492358,9.426150824,9.975422544,9.928004135,9.684575788,9.866071588,9.299638696,9.015476513,,
CEB,18.32135015,18.03916142,17.57316171,17.92664668,18.59148328,18.35817536,18.55345942,18.34862839,17.96214402,17.07870246,17.93044619,18.61395526,18.07076144,17.45761791,18.60569245,18.86103253,18.95095402,18.26052577,17.85687843,17.54741186,16.83224315,17.24213471,17.19290914
CHE,17.64133399,18.36673333,18.75788226,18.56511767,18.45910595,18.71843398,19.07712073,19.26382086,19.34810897,17.89915043,17.89632704,18.19448808,17.7313708,17.80054077,17.54952531,17.11865816,17.33221321,17.49101995,17.66674993,17.92353933,17.7873158,19.12265963,18.4049659
CHI,,,,,,,,,,,,,,,,,1.135718342,1.053342336,1.049667179,1.008238043,1.058408467,1.126139693,
CHL,15.19252673,15.93677903,15.78367532,15.19375804,14.22163979,12.81919997,11.68367711,10.64216639,9.974006397,10.26115988,9.88717399,9.909053786,9.82773287,9.985032504,9.920465162,10.39886479,9.705924876,9.160845019,9.604213819,8.992451014,9.016470278,8.576573647,9.739373959
CHN,,,,,31.97506997,32.09392433,32.45232806,32.38335312,32.1194116,31.59623809,31.61282168,32.06479119,31.52857787,30.67100807,30.39644421,28.95167058,28.06944224,28.10893687,27.84101115,26.77472171,26.28516905,27.54706,27.69897483
CIV,11.15447113,10.7672585,9.797021793,8.889951221,8.792904827,10.28226527,10.02887861,10.31060928,10.20402365,9.627693495,9.001911196,9.22135575,10.31825153,11.85018556,12.20069981,11.43059902,12.5430343,11.2836181,11.29098434,12.27728743,12.20346464,,
CMR,14.74026934,14.52944679,15.53069502,15.58054709,15.41079029,15.02614415,15.11457715,15.20996765,14.30569477,14.87929919,14.51997379,15.18908621,15.53277006,15.22873575,14.51402123,14.35005819,13.84153437,13.71294553,13.68501543,12.82578021,13.18098761,13.30203884,13.01072816
COD,9.908318104,19.80768858,21.21679056,18.29840586,17.64150584,16.40353329,15.47259661,17.00603069,14.91703195,18.87568198,16.22164855,15.3588925,15.36134868,15.38523319,15.55441347,17.1286573,18.26439236,19.48703808,18.21351466,19.47791945,18.99122966,17.72089052,16.84507371
COG,3.47655398,4.51105795,5.320917858,6.024214982,4.980047235,6.413569524,6.195278882,6.468566486,5.596268705,6.776695437,5.312176872,5.242004896,4.257282114,5.920856148,6.059907203,8.367640193,11.46707006,12.37639836,9.207022629,9.569292646,12.85319627,,
COL,13.93270065,14.13719665,14.03292802,14.23745617,14.41341036,15.99104031,15.97860609,16.15426622,15.37370371,14.78007233,13.9670257,13.21760258,13.08928488,12.6623563,12.26931864,12.40089376,12.29777884,11.40959357,11.15185297,10.92665754,10.79838275,11.17227605,11.5191008
COM,,,,,,,,,,,,,,,,,,,,,,,
CPV,9.262925466,7.196860722,7.544178037,7.004680356,6.408194727,6.453460617,5.80760974,3.766625054,3.977775816,4.085746432,4.464006382,4.428820557,4.641300243,4.836280333,5.188416651,4.941930178,5.10374951,4.70095841,4.578178687,4.817970059,5.185022417,5.795692629,5.061576004
CRI,18.31754321,17.42742442,17.39325228,17.10222913,16.88855156,16.86748938,16.48597917,16.1311206,15.13425501,14.15299869,14.57565076,14.29614148,13.87788824,12.84263349,12.28790197,11.60708171,11.60516482,11.73400161,11.92433064,12.04644495,12.79084649,13.73339614,14.08006116
CSS,,,,,,,,,,,,,11.01505739,9.687867873,9.649750573,8.877119464,9.601582952,9.619268488,9.660025394,8.798093383,8.664314864,9.895266873,10.8499139
CUB,16.42281796,16.06948969,15.35553207,14.2340646,13.77614323,13.88952599,13.42192678,14.5102971,14.66229651,14.9806701,15.6308295,15.33990433,16.10314324,15.73339555,15.08751353,14.90873701,13.85020632,13.50047732,12.81290802,12.47926085,11.1969245,10.53505397,10.73434786
CUW,7.687075882,8.027811261,7.490238778,6.952001325,7.310134482,6.025589312,7.721131958,7.48319649,6.663114693,7.602313197,6.142326731,7.50411243,7.528146465,8.072719064,8.105265107,8.597556908,9.268390416,8.782613853,6.200857939,5.085743871,2.764598726,2.628537452,2.507928721
CYM,,,,,,,0.782115167,0.824566379,0.828842009,0.822761545,0.758182602,0.754645358,0.782351407,0.793861988,0.82645191,0.831096148,0.859683817,0.849127891,0.891116944,0.903359622,0.918476023,1.008451169,
CYP,8.14938696,7.745847797,7.733646026,7.340458229,7.209166682,6.802585239,6.131199352,5.742788814,5.475393033,5.378267658,5.055359683,4.602658593,4.192877682,3.886970173,4.079107474,4.260192053,4.575214984,4.892073019,5.332426948,5.453951157,5.698649577,5.168301198,5.237318645
CZE,23.37751211,23.64711922,22.34593171,21.65781462,22.73611355,22.62386699,23.25532919,23.19853205,21.96610815,20.36294483,20.9596606,22.10695703,21.94380803,21.96339635,23.7144844,23.92167732,24.03109276,23.53332969,22.6748511,22.61708456,21.35212872,21.07874698,20.99135344
DEU,20.54597006,20.34116748,19.78991138,19.83957098,20.03385605,20.06974579,20.65976823,20.85415375,20.04955841,17.68335017,19.69521136,20.23300019,20.15644863,19.92519608,20.22439478,20.34789735,20.66187307,20.39033901,20.03883582,19.57925915,18.74376052,18.90923164,18.43840683
DJI,,,,,,,,,,,,,,1.95812435,2.782301739,2.735558076,2.835573147,3.101527096,3.315832272,3.7029574,4.42515715,5.228201087,
DMA,6.864955518,7.106853193,8.673565799,5.249530714,4.620551924,3.995973523,4.139776782,3.475402343,2.355489811,2.318818629,2.361755904,2.656770922,3.078060342,3.094247064,3.036664864,3.988383482,2.61726935,1.916644771,2.474831095,2.253580838,2.886776653,2.497965609,2.778506058
DNK,14.14484978,14.03654837,13.93329255,13.23748034,12.7491453,12.03514944,12.06611493,11.95154943,11.72278863,11.10507217,10.93388403,11.0433164,11.43404439,11.77968841,11.86020064,12.40344481,12.93418569,13.00935793,13.08842059,13.40673475,12.82209094,12.53822951,11.65869088
DOM,20.97486043,19.6642972,20.3672058,21.75521083,21.57660311,18.38167881,17.54374752,16.22926797,16.20369278,15.37290127,15.26911725,15.0723772,14.99304492,14.59166491,14.54652718,14.7024479,14.41879788,14.09586544,14.13553432,13.75880291,14.44505942,15.15988999,14.91528357
DZA,44.98039779,40.2337955,38.77373461,41.06504534,42.84511093,48.7973262,49.87942321,47.80111722,48.95478003,35.86954286,39.03524177,39.59350399,37.75906102,33.54889581,30.93603438,23.17309737,21.68468255,23.91903953,26.55061662,23.85927942,18.70227148,26.54703727,34.8404409
EAP,,,,,30.72942668,30.61987445,30.91404564,30.83736812,30.67876861,30.13599824,29.65236517,29.99754003,29.61478331,28.98108321,28.84937651,27.71917996,26.91206027,26.96213191,26.77407633,25.80520942,25.46320544,26.6453086,26.64942771
EAR,17.62490083,17.49925422,17.62005551,17.40744145,17.2777819,17.02915805,17.35207764,16.86697677,16.73918413,16.09827387,15.83082475,16.09646758,16.08758232,15.76107475,15.76099303,17.19195452,17.01038742,17.00196451,17.20103408,16.77736859,17.0530846,17.60505374,17.622745
EAS,,,,,23.41263795,23.65229993,24.02531059,24.49075775,24.36162541,23.55537889,24.26864705,24.18611111,24.12297275,24.11862857,24.44797975,24.22316241,23.72625972,23.91552509,23.93420496,23.16234977,23.05599384,24.19930024,24.00779197
ECA,,,16.426757,16.15575629,16.55006776,16.73272817,16.46601138,16.18240488,15.70899105,13.84372709,13.73511692,13.18354495,12.97716147,12.82472601,13.17268344,13.91446354,13.72718972,14.18576751,14.65177547,14.47163606,14.99820012,15.45345088,15.21223719
ECS,16.81247428,16.36770751,15.94426978,15.56725886,15.33506558,15.07201536,14.97091345,14.9234229,14.55028014,13.30387372,13.74741296,13.83829729,13.56710831,13.4918054,13.67946296,14.14186947,14.24124066,14.26085997,14.22321365,14.05401714,13.99542995,14.16925064,14.08108749
ECU,22.37938912,18.93730441,17.57051968,16.22046999,15.09886911,14.12821209,13.64650014,13.73111594,13.70506294,13.87921718,13.40189032,13.04101545,12.9547547,13.04285975,13.7648167,14.42350795,14.55048854,14.36590648,13.94580231,14.66885585,16.50909904,16.79436496,16.34863596
EGY,17.99797118,17.69807639,18.49675376,17.30383234,17.23696682,16.70954503,15.97756192,15.36992481,15.52236739,15.78615429,16.10227084,15.76719422,16.16546656,16.60837992,16.77444637,16.69744491,16.84132693,16.59352066,16.35088958,15.98829899,16.38045599,15.4852839,15.9705323
EMU,17.41824906,17.13539307,16.66534315,16.21470175,15.99325582,15.71129905,15.64000989,15.67348046,15.06584384,13.63588548,14.27565239,14.53305533,14.37216065,14.29657892,14.48059241,15.09878726,15.18465517,15.13768849,15.01600962,14.81083966,14.59858173,14.83819797,14.93226099
ERI,9.30749871,8.931812254,9.113936833,9.099783356,8.580164513,6.828078795,5.984778258,5.463345188,6.523910093,5.492755114,,,,,,,,,,,,,
ESP,16.23259052,15.83254041,15.24097061,14.70484852,14.1706722,13.70917565,13.33521946,12.89911384,12.69552004,11.58976287,11.39759245,11.49861388,11.12487198,11.18698668,11.30322446,11.29402685,11.26496294,11.32799193,11.02687275,10.91381623,10.99105459,11.30574577,11.40482941
EST,15.46717285,16.05029233,15.6718116,15.74685405,14.92020575,14.66701401,14.46820051,13.87000594,13.74494646,12.29007004,13.74897794,14.60893807,14.00864848,13.73494087,14.18209272,13.90593117,13.8864976,13.61097398,13.47182743,13.09802636,12.83400805,12.7186232,12.7614058
ETH,5.60524515,5.776228139,5.766490583,5.770037501,5.350705611,4.842961246,4.637738366,4.579682468,4.108135336,3.880255796,3.97390612,3.682551396,3.420060719,3.702189003,3.991325246,4.404619139,5.69139881,6.186588505,5.827616845,5.594368896,5.303280868,4.605688704,4.240702225
EUU,17.50795509,17.18953631,16.73190505,16.31380335,16.12313838,15.84861015,15.81354932,15.85169068,15.26446404,13.87211046,14.51305476,14.79486746,14.58879516,14.45777449,14.70553335,15.30145293,15.38569252,15.29181397,15.15855351,14.95477043,14.67879465,14.92554028,14.98594007
FCS,,,,,,,,,,,,,,,,,,,,,,,
FIN,24.15018836,23.60193047,22.86747572,21.94742634,21.54285138,21.21539648,21.81067341,22.12998204,20.78912825,16.66877583,16.96900762,16.26077031,14.46052219,14.50462752,14.45501868,14.68458027,14.56569112,15.20099337,14.59423803,14.41227726,14.26326889,14.65667188,15.75158991
FJI,12.27321334,13.69109516,12.95096279,11.72443364,12.7568345,12.21519246,12.75797172,12.10973512,12.15567561,12.30291029,12.31043606,11.92467009,11.56227143,11.5664407,10.65411383,10.49615959,10.93180984,10.44613158,10.38757981,10.37652316,11.06471016,11.40273602,10.00507389
FRA,14.47755794,14.03042517,13.58509008,13.09391378,12.68471772,12.24929993,11.7271803,11.62968228,11.10455837,10.58989208,10.32712554,10.395998,10.36157533,10.35434248,10.280426,10.43366363,10.28302305,10.13628516,9.971751436,10.00781495,9.454524746,9.03602468,9.543812796
FRO,6.579252458,7.654788903,7.354095266,6.803917407,6.346533504,5.669477874,5.422254078,5.093105263,5.08362416,5.462713971,5.38957771,5.267383257,5.435470678,4.919085283,6.071000563,6.383900214,5.318351269,6.171672511,5.616643821,6.668257954,6.858224621,7.1449708,6.929414243
FSM,1.590376548,1.852256849,1.747422451,1.60767658,1.370517088,0.531429529,0.356572713,0.36922556,0.399164063,0.410184465,0.420776476,0.429224107,0.396265334,0.363359215,0.366614405,0.418834854,0.557153516,0.528117983,0.492377574,0.488150097,0.495152861,0.509265155,0.492223344
GAB,3.724848955,2.541160328,2.674539273,2.667338588,2.781723242,12.92979084,11.46783873,12.7816305,14.22278354,19.02437307,17.08046111,19.15280075,16.50140564,17.16241396,17.39340587,16.68703304,17.45600677,17.62241867,18.94155761,18.80256883,18.42941535,23.58710378,23.12435943
GBR,13.27665087,12.47645347,12.11543352,11.56235149,10.94979197,10.51425238,10.07589478,9.671981184,9.590926205,9.071979504,9.445321354,9.329359614,9.34636156,9.593675847,9.410667517,9.294784996,9.109856425,9.054243926,8.952406352,8.796864347,8.964552381,8.653115764,8.39456222
GEO,12.24537075,12.23104585,12.80445279,13.03230929,12.2217359,12.0945882,11.11828222,10.94811049,10.44304295,9.928277549,9.138651611,9.810547634,9.491576469,9.511735349,9.605770467,8.864594077,7.790210961,8.597061941,8.834423781,8.868100811,9.345305687,9.868780319,9.794715609
GHA,9.016849277,9.002986549,9.027260448,8.975523635,8.741998633,8.655388399,9.541016599,8.596404815,7.544118186,6.772090634,6.388658627,6.423765859,5.660586499,11.58854746,11.01994867,11.09829962,10.82042471,10.15222299,10.12013347,10.16121861,10.95305585,10.88542554,11.5618571
GIB,,,,,,,,,,,,,,,,,,,,,,,
GIN,3.77539532,3.776294378,3.786314961,5.927977839,5.665542537,6.083992067,11.38061497,11.43786019,12.67171938,12.56367069,10.63328705,10.47127248,10.5298639,10.80078156,11.08249807,12.11873629,10.92667808,10.02158683,12.07324995,10.40035898,9.506109498,11.43667474,11.43667474
GMB,6.766691548,6.631611383,7.020899378,5.916642809,5.262075726,6.302016927,6.645413213,6.509075479,5.591328964,4.829974843,4.550839575,5.488714202,5.748159799,5.611202563,6.511781045,6.349254347,5.586257013,4.469292134,4.255461446,3.787177037,2.613383788,1.870703151,1.711904533
GNB,,,,,,12.83100066,12.5719382,11.41816438,12.6121845,12.01169048,11.34204487,11.0965332,12.21176126,12.68043325,12.38172963,10.70263964,11.32828211,10.49912161,9.109699394,,,,
GNQ,,,,,,,7.133685719,14.51441507,20.36751704,18.03795957,21.01648193,22.46849117,17.08975216,19.28578894,20.12563307,17.8446575,18.50431156,25.75059535,25.57013777,20.85383948,6.309258577,5.688891609,5.420064495
GRC,9.492626959,9.939171782,9.83591206,9.154802761,8.74617037,8.586484883,8.458220589,8.463891123,8.503766617,7.639498839,7.85352646,7.971098837,7.792970292,7.614160273,7.633521312,8.294392078,8.099833659,8.108033827,8.172541173,7.813031215,8.552225936,8.689705558,9.108876736
GRD,4.534634438,4.507645286,4.365931627,3.888498303,3.361388539,2.895809372,3.383492046,3.594188511,3.313655454,3.315354459,3.452880763,3.37761669,3.2467773,3.380555324,3.420911485,3.419120925,3.353300098,3.08059289,3.116596128,3.37198336,3.12898222,3.313805434,3.398726004
GRL,,,,6.482870109,7.942337458,8.31327582,6.976569352,5.82903987,6.099350899,4.732798537,4.343656769,5.309427495,5.188370324,5.069133592,4.363989719,4.059760435,4.574263185,2.535995199,5.12746099,3.321594365,3.376519062,2.906522348,
GTM,13.17089605,19.98979847,18.80800868,18.76240638,19.1936872,19.00164413,19.03480182,18.59078092,18.76713397,18.95369257,18.93836957,18.95689978,19.42672595,14.41642265,14.07664879,14.3263287,14.19060081,14.1404419,13.95427637,13.81129073,14.11150405,13.97394447,14.10393892
GUM,,,,,,,,,,,,,,,,,,,,,,,
GUY,2.64129456,2.6978242,2.855226715,2.68908263,2.631385238,3.071454999,6.789659208,6.72345246,6.910875949,6.56111716,5.744109266,6.018401104,6.015709492,6.345950316,6.046221801,5.939100711,4.966743259,4.789300947,4.668406954,5.049182881,4.244023924,3.135049958,1.867026158
HIC,17.2306874,16.22297822,15.80365861,15.62712856,15.52257628,15.245316,15.05093633,14.91208029,14.39791383,13.54613431,14.13821473,14.0324671,13.84587896,13.59627377,13.61587024,13.8569531,13.78963492,13.77515687,13.74773271,13.4034563,13.23336653,13.3165769,
HKG,4.590576007,4.055203756,3.52821656,3.105193173,2.996926988,2.807541825,2.639769422,1.960616833,1.845167782,1.730546122,1.711954747,1.580724038,1.502165622,1.410275896,1.233846828,1.113965008,1.077813441,1.026428301,0.972374903,1.032188855,0.953922818,0.912777207,0.944910055
HND,20.53561885,19.63852766,19.89221672,19.77400576,19.15725276,19.08397071,18.97012914,17.95145037,17.80521758,16.6306404,16.53655701,17.19439402,17.68613956,17.29425925,17.25458749,17.54311202,17.14677251,17.1266629,16.89270829,16.35106617,16.02880559,16.37021016,16.01403541
HPC,11.01316677,11.33365153,11.24853057,10.97151429,10.79332554,10.29705922,10.05482325,9.93596278,9.452167015,10.14952785,9.35605383,9.452348724,9.538284337,10.00921649,9.93871537,9.905936574,9.61486323,9.216683173,10.55405731,10.66041804,10.7065769,11.02627232,10.77170773
HRV,16.68033745,16.35891225,15.22069088,14.83770181,15.00682544,14.28273817,13.76576802,13.83616742,13.44637048,13.19907392,12.90481006,13.53095432,13.48020643,12.58071084,12.70410379,12.72522191,12.84111904,12.70957913,12.26840035,11.87223032,12.03580291,11.64833285,11.74728905
HTI,13.02901081,13.82010643,13.70199826,14.93378739,15.84228926,15.91581962,16.46140688,15.57974618,17.01827926,16.86288965,14.4766049,14.65405803,16.12659307,15.76674163,16.62121864,16.96853464,16.36683512,16.38462264,16.69063712,16.74966828,17.63777188,19.36503655,23.12872302
HUN,19.10706293,19.17471605,18.55766414,18.57846815,18.95488781,19.01540812,19.69111712,19.05563063,18.2643201,17.13021896,18.07853806,18.43773479,18.47250806,18.71413137,19.43822879,20.21528655,19.60572675,19.1264888,18.50333662,17.43295381,17.31628931,16.73494849,17.20688053
IBD,,,,,21.3260729,20.98491831,21.10144081,20.86667833,20.95416749,20.84303559,20.55519797,20.62316515,20.62128658,20.42104053,20.74422784,21.68172705,21.27199722,21.18957296,21.52274858,20.86943593,21.21971331,22.15962289,21.87037499
IBT,,,,,20.30215361,20.006418,20.0947051,19.91480593,19.97871614,19.86148248,19.59879346,19.88720378,19.91723801,19.74472566,20.02960581,20.86366552,20.52158324,20.47384183,20.86784406,20.30442509,20.63599467,21.60156963,21.33735517
IDA,10.18692388,10.35928594,10.27966923,10.28359181,10.23320465,10.1250467,9.943620655,9.700343848,9.395180012,9.434309492,8.780370196,10.14674597,10.528012,11.00451162,11.19462039,11.16518841,11.64769104,11.52727736,12.45330996,13.17144485,13.39399455,13.99921735,14.19712355
IDB,11.15934048,11.55069543,11.02485943,11.24748082,11.20178746,11.33406741,10.98412735,10.64529481,10.49112304,10.06472082,9.055485237,9.546179026,9.905491376,10.42460101,10.7734325,10.55374586,10.07503576,10.0483287,10.56785723,11.61398269,11.91798063,12.77204901,13.18423047
IDN,22.65975121,30.75459722,31.95327849,28.25284184,28.06582659,27.40750748,27.53757408,27.04841275,27.81427299,26.35547453,22.03862859,21.7608545,21.45095506,21.02868868,21.07517605,20.98578743,20.52297468,20.16002236,19.86319338,19.70353909,19.86642189,19.24347647,18.33619049
IDX,9.596154895,9.612788015,9.824299289,9.648535542,9.523240423,9.181919612,9.047079691,8.91254686,8.511879239,9.010606621,8.607869071,10.68224266,11.11012032,11.54080358,11.56535895,11.72449846,13.01154938,12.71601703,14.06810425,14.48031433,14.57847659,14.98931365,15.01306793
IMN,,,,,,,,,,,,,3.590714929,3.198568053,2.654664939,2.679866242,2.410218788,2.080770624,2.159804289,2.142831592,2.442067969,,
IND,15.92702302,15.30702128,15.55870173,15.58738665,15.82724574,15.97301704,17.30365333,16.86456778,17.09867415,17.14357767,17.02993425,16.13933744,15.816923,15.25302269,15.06557011,15.58385459,15.16223713,15.01823875,14.88153067,13.45580756,14.12458736,14.47204453,13.3482974
INX,,,,,,,,,,,,,,,,,,,,,,,
IRL,23.11914115,25.24987023,26.74511048,23.35858488,21.12736231,19.59207962,18.57305851,17.97273941,17.55906889,20.38868836,19.49288026,20.60000334,19.48656443,19.14148645,19.68654239,34.75489053,32.96427759,32.00496272,32.80822283,31.46217853,34.16818715,34.98587808,37.99484098
IRN,16.63922502,17.14813115,15.09666321,14.79313534,15.70243428,15.04149207,15.03350612,12.90761577,12.9684578,13.27448939,12.78390806,13.79219147,16.3771989,15.72969562,15.58475562,13.45074441,12.94499498,13.75240254,15.63711735,18.04559618,21.13948696,21.21509497,19.99077244
IRQ,0.908108148,1.476010091,1.521944531,1.026588151,1.761388714,1.320527376,1.541217513,1.631062342,1.722444067,2.61115151,2.269906805,2.821903293,2.721776318,2.297634844,1.877063816,2.175208425,2.252868877,2.174398743,2.031977718,2.137531496,2.588427262,2.22952786,1.788888353
ISL,11.54729595,13.3504762,11.60226097,10.95625396,10.43030964,8.540509903,9.002634212,7.753329781,10.89133502,10.94454408,12.91804473,13.21359028,11.65858875,11.61075778,11.39935005,10.73284543,9.277257934,8.867856809,8.516588057,8.485569161,8.863712033,9.701227634,10.10712466
ISR,16.60459323,15.28247465,14.61473827,14.17981221,13.98339547,14.75409772,14.98837046,15.35896649,14.79142736,14.00329888,14.0449782,13.53589259,13.73720593,12.92671067,12.36261422,12.75497723,11.9052694,11.32043717,11.49292605,11.39430759,11.16767451,10.16480267,
ITA,17.57324471,17.14256511,16.80621398,16.1305153,15.89619774,15.54880231,15.60536871,15.95543409,15.47025663,13.7137734,14.22932609,14.21404552,13.8496257,13.88001981,13.97623924,14.39537139,14.79103387,14.91387042,15.00977875,14.88415792,14.59438908,15.52514906,14.92919189
JAM,9.345912697,8.937324288,8.421757287,8.283961727,8.217473071,7.751515117,7.614976235,7.68942405,8.039148062,8.209481309,7.750648215,7.886422364,8.085526045,8.168795947,8.128721457,7.957090446,7.674668862,7.707022335,7.673248157,7.738459359,7.952705946,8.197332482,8.504472497
JOR,12.94780536,12.84944293,13.99470121,14.43689737,15.59777033,15.37375639,16.43217116,18.29812139,21.15498227,20.12828515,18.92653574,19.30847404,18.78887251,19.27667124,18.84793833,18.36162061,18.00550304,17.99812196,17.68954038,17.56740197,17.14720198,16.90343516,17.16111566
JPN,22.45220881,21.11971717,20.71470205,20.91713129,21.12059122,21.42337239,21.39928569,21.87550588,21.27403122,19.04768351,20.7662009,19.53555431,19.66670843,19.32903165,19.59360923,20.46247038,20.28803857,20.43594607,20.62168395,20.22418279,20.05249272,20.85549487,19.22741791
KAZ,16.49803593,16.44509019,14.49613089,14.21774744,13.31415365,12.04139307,11.63245808,11.49160524,11.7738897,10.87215357,11.32131822,11.08657422,11.08079904,10.63497383,10.31824363,10.27540938,11.33013967,11.28015694,11.42862275,11.46636407,13.07253218,13.60875474,13.42429667
KEN,10.31558075,9.779939837,9.823609462,9.709025236,10.00079257,10.53608575,12.68935539,12.79043986,12.09577062,11.49295314,11.16037502,12.04776729,11.08334027,10.90901663,10.06503343,9.975179818,9.321491101,8.739141731,8.408385292,7.904615937,7.599838358,7.363301363,7.826618713
KGZ,18.10253421,17.64060988,13.04845104,13.27441178,15.32531184,12.85243094,10.99208173,9.919047314,13.21902699,14.22825136,16.86028862,18.26824869,12.07174383,15.76808892,13.6761968,14.0507757,15.43426087,14.99082804,14.26446331,13.72142421,13.15752696,11.80627098,11.33871707
KHM,16.01085177,16.76945233,17.608154,18.20426909,18.7827927,17.8046665,18.56459349,17.33274648,15.34740177,14.41717785,14.69387986,15.17259358,15.08786436,15.49057902,15.39756683,16.01377197,15.99518559,16.18857357,16.3494136,16.27677627,16.20365903,17.86494001,18.81783823
KIR,4.428103448,4.410737705,3.941534321,4.060850221,4.433159218,4.739055049,4.637275261,5.477559979,5.21400408,4.809445617,5.644099091,5.821855437,4.985126523,4.529244702,4.696676066,3.863735825,4.213609715,4.300203252,4.44121673,3.85557168,4.437281976,4.9916595,
KNA,6.999929667,6.666397219,5.732847312,6.698070034,6.507967822,6.398862906,5.891075452,5.971296082,5.729684433,7.20580268,8.265241089,7.740149283,7.463664389,7.139893829,6.859396553,6.550772648,5.725704453,5.384257364,5.414250564,5.480176094,5.078311587,4.800276076,4.547363689
KOR,26.44837351,24.87906659,24.48564896,24.12400805,26.11841277,25.73718379,25.30537196,25.48295331,25.62215148,25.77490296,27.43876659,28.23679861,27.8318955,27.78585374,27.04245216,26.60603573,26.35776522,26.94587269,26.63850865,25.22222287,24.7802807,25.48649083,25.63196364
KWT,6.915118882,6.343925234,7.828300259,7.89993832,8.311497029,7.260142753,5.478884949,5.534274998,4.425564995,5.12162171,5.978076858,5.611577789,5.964414652,5.879887674,5.54241232,6.977573949,7.202086176,7.50147665,7.451579817,7.173064814,6.607085548,,
LAC,16.95235366,16.80961136,16.6279394,17.10466061,17.0037057,16.47243584,16.42918391,16.01666714,15.72945013,14.80729168,14.61994958,14.01266135,13.78451037,13.45967226,13.37940444,14.11672232,13.97696169,13.7568637,13.9674803,13.80659907,14.20582643,14.52083011,15.05331836
LAO,8.710887028,9.144431074,10.14926028,9.81210927,10.09899321,9.641610223,9.455624323,10.0618302,10.08310157,11.67926547,11.09441037,10.67136615,8.983772742,8.435402283,8.427695284,8.190052195,7.771563827,7.483534519,7.45272744,7.643691941,7.684786494,8.69509979,8.805813095
LBN,11.41429669,11.32408765,10.83056248,10.73162675,7.234334702,7.51373215,7.195471934,7.235117057,8.303247575,7.916028888,7.721533803,7.579314185,7.38803282,7.524413956,7.532566666,8.048539305,8.356410171,8.287891557,7.445050277,7.051471713,2.943719488,1.426829877,
LBR,2.452974828,2.375816777,1.873074434,2.25552139,4.024637681,4.127260274,4.093556747,3.95002185,2.95900927,2.808246606,2.606441441,2.277035029,,,,,,,,,,,
LBY,,,3.125864985,5.92415229,5.686848278,5.056675063,4.669734894,4.595146767,4.559267079,5.038202389,3.958882247,3.709224729,2.311160445,2.963994181,4.565298689,4.140789519,3.655243371,2.806782515,2.801653516,2.913187829,,,
LCA,,,,,,,4.110172874,4.434965207,3.762556435,3.554684606,3.09111442,2.920464743,2.937318663,2.718065408,2.5394446,2.906849253,3.146082585,3.00549793,2.914254026,1.968876427,2.634810711,2.764872521,2.62357775
LCN,17.39733727,17.39353829,17.34129022,17.76149254,17.51159066,16.80851374,16.55694468,16.04032436,15.7019558,15.09691109,14.72222649,14.15601214,13.9090537,13.59745661,13.55074179,16.76332819,16.57864916,16.1967891,16.40598691,16.23100545,16.73254474,16.87432514,17.450198
LDC,11.63347396,12.1996354,11.92955012,11.60726159,11.62562074,10.80487984,10.43040088,10.29955676,9.710793016,10.99112377,10.07049953,9.989202934,10.01619794,10.02731335,10.21736048,10.7826221,12.59053208,12.40084316,14.04873566,14.51160547,14.63208327,14.92022679,14.76912135
LIC,5.213006635,4.956309809,5.036521928,4.935206712,4.84005927,4.359738571,4.253600008,4.558327652,4.215329694,5.201116145,4.700398844,7.155433038,7.81005961,8.018809208,8.056263282,8.374839435,8.158455275,7.949706461,10.47263315,10.75695089,11.02194135,10.81784803,10.35287046
LIE,,,,,,,,,,,,,,,,,36.86668185,38.7329025,36.53852031,38.80933025,34.33763988,35.24360994,
LKA,15.05451498,14.11977662,19.11422132,18.59193138,18.72074443,19.51298566,19.22587692,18.49792438,17.95409417,18.10773411,18.45668422,18.61568688,19.73794236,18.06463065,17.15642919,16.17695988,16.01865925,14.89129605,15.03278402,16.16080032,16.25968994,17.97754922,19.59445788
LMC,16.92336614,16.49857727,16.24138754,16.25727759,16.47880916,16.75096014,17.03315371,16.39398214,16.36234214,15.61087921,15.40812535,15.26341297,15.45116761,15.04147682,14.98569046,14.78333771,14.82425091,14.88110795,15.10581267,14.77161857,15.11510452,15.63796882,15.45867571
LMY,,,,,20.57720069,20.32144303,20.44376096,20.26954404,20.35931655,20.20381382,19.93584509,20.16939129,20.24090213,20.08208947,20.35358177,20.6814232,20.3293646,20.31669855,20.73003541,20.16259005,20.50545465,21.4676653,21.17808498
LSO,13.62089707,20.51351141,24.55781584,22.66208954,23.02816959,19.98529,21.82409656,22.23966091,21.22854748,17.50622183,13.08472005,12.78264653,11.45151142,10.93956821,12.25053844,15.13302879,16.52942689,15.24038461,16.6313078,17.42916479,16.23653673,16.97120805,15.74162747
LTE,,,,,22.9818889,22.43967297,22.1850327,22.11293913,22.01731545,22.52366507,22.33984933,22.20330514,22.17247437,21.96570456,22.40568545,23.25993309,22.84009379,22.68055504,22.84774373,22.24104322,22.58928148,23.56632469,23.37871563
LTU,16.78196247,17.24665716,16.30783535,16.68874275,18.24094609,18.26509563,17.58897358,15.9083629,15.71659972,15.11449133,16.92705382,18.37551212,18.70759505,17.62737988,17.37258678,17.21172275,16.89736775,16.97086195,16.57934863,16.06650114,15.55180809,15.93425927,16.29178608
LUX,9.642505858,9.131290351,8.718275178,8.840174739,8.294962214,7.832112864,7.081889724,7.965973453,6.684197644,4.652433886,4.966250392,4.869537955,4.556609541,4.554388987,4.728116421,5.479631971,5.79495634,4.775908673,4.961592227,5.042530674,4.942391674,4.690487371,3.827698023
LVA,13.6072703,13.60350006,13.54354706,12.35861452,12.25459985,11.40172065,10.55808266,10.02045646,9.603439902,9.718880118,11.87733511,11.7520836,11.35575776,11.09042547,10.50166678,10.46795056,10.16647771,10.47018109,10.55714781,10.64186354,11.06913169,12.38168886,12.98333256
MAC,7.447258548,6.00413703,5.280310706,4.644201551,3.703356679,3.122722373,2.865209135,2.085962438,1.421972379,0.984550048,0.551334752,0.456610186,0.461632085,0.396853346,0.415492251,0.570740712,0.595264525,0.572479914,0.539585704,0.53650965,0.830736254,0.827262974,0.974699081
MAF,,,,,,,,,,,,,,,,,,,,,,,
MAR,16.70681407,15.16141812,15.11783808,15.7163167,16.03544163,15.24844511,14.61502515,13.74380735,13.71216418,14.23371588,14.40872607,14.26743406,13.99648022,14.31838654,15.19320907,14.89418144,14.7472833,14.58235957,14.85881043,14.74945073,15.15830685,15.05396842,14.99927076
MCO,,,,,,,,,,,,,,,,,,,,,,,
MDA,13.95310657,15.46052651,14.56676133,15.13605127,14.23041334,13.07252736,12.24555794,11.54471084,11.0400035,10.37462591,9.953772396,10.56474188,10.65443753,11.19385255,10.06913248,10.01582217,10.03363119,9.970073234,10.06919785,9.894330508,10.10666435,9.639959957,8.844161479
MDG,,,,,,,,9.162943125,9.691233476,9.158878323,8.959029023,8.724370459,8.665203691,8.629868852,9.038935254,8.507711195,10.19531068,9.18815732,9.369595422,10.09005135,9.724984406,9.496723939,
MDV,,,,5.299088476,4.88176696,4.694870758,3.65879335,3.208346188,3.250292611,2.573765587,2.287710887,2.580528974,2.624527309,2.118382176,1.984973216,1.927943497,2.078336812,2.18421105,2.192735693,2.131214572,2.685968179,2.135023256,2.001907514
MEA,13.14035322,13.50676565,13.36480472,13.5724822,13.46327102,13.14915585,12.77594944,12.23177821,11.91373841,11.76126617,11.71589127,12.36844838,12.59084143,12.08174561,12.13201957,12.17742637,12.10091824,12.05908051,11.92798259,11.91015943,12.43297702,12.92367655,13.66949469
MEX,21.04457741,20.02605856,19.23122679,18.82806561,18.84566801,18.07707949,18.9990299,18.26237578,18.17491375,17.4331987,17.83821392,17.72038602,18.80003545,18.10280962,18.22892172,19.82342137,19.86877579,20.16182242,20.1893657,19.84244377,20.01566616,20.84779559,21.46878288
MHL,2.367021392,3.122761024,3.359162339,3.824320673,4.180476716,1.888479606,2.489120475,3.049042504,2.211358431,2.741379413,4.715176352,4.306245195,3.762236191,5.255677529,6.155490355,3.171194329,4.561220829,4.152961996,3.711136703,4.928345238,3.226690116,2.276858753,2.486513612
MIC,,,,,21.06697098,20.81783423,20.9332787,20.73475459,20.83642993,20.67707612,20.37315081,20.3993333,20.43640334,20.26499809,20.54897834,20.89072629,20.53191478,20.52294425,20.86938463,20.29966191,20.64766185,21.60318269,21.32677207
MKD,8.968573796,8.964590936,8.436041318,8.931349416,7.685212226,9.693399514,10.21592402,10.20062271,9.771987756,8.827076228,9.865628773,11.4100813,10.23863142,9.914104855,10.95140354,11.76035953,12.28893989,12.60253096,13.34739543,13.39414999,12.92597672,13.34739446,13.10122915
MLI,,,,,,7.010144032,6.666210253,6.27134851,6.247367513,7.456549552,6.746891957,6.050821295,5.765085732,5.452973446,6.981283678,6.426121851,5.508177117,6.064296886,6.289779689,6.612924733,6.786425649,6.706366163,6.441695436
MLT,19.30754855,15.82852656,15.58748352,15.5467595,13.52829138,12.98212222,12.44296923,12.43313896,13.51190001,11.25902957,11.23655035,11.23433727,10.93989412,9.436087882,8.523206917,7.448197258,7.190350766,6.887266102,6.783808244,6.667994877,7.290857029,6.788941961,7.067627626
MMR,,,,,,,,,,,19.86208285,19.72131197,20.09235404,19.91591375,19.9307583,20.80814188,22.79535067,24.09403534,24.911874,25.32007212,25.45203809,25.63745292,25.55955544
MNA,14.47771535,14.28100924,14.08456161,14.80602557,15.13049337,15.39604648,15.20191857,14.0526758,14.30691227,12.62094543,12.68739322,15.14766568,15.63295725,15.00430228,14.87159705,13.4087373,13.2032548,13.24164866,13.56200277,13.64782972,14.43064967,15.67516674,16.35735567
MNE,9.280763142,11.55948143,10.40149138,8.758529078,8.729936764,8.192093197,7.765014203,5.101839704,5.13212895,4.531902684,4.55276488,4.971665787,4.07631424,4.043056303,3.880018115,4.08869912,3.735536622,3.847208631,3.983611866,3.718067504,4.110352921,3.852906774,3.907297378
MNG,6.702337967,8.249867761,6.393522004,6.645525036,5.53018127,5.759044408,5.434696037,6.244148786,6.562044373,6.448551726,6.814013595,7.069942595,7.482232191,8.721663906,8.777293093,7.015505837,6.6675056,6.898238215,7.053217103,7.069555547,7.756164685,7.109182102,7.117164595
MNP,,,,,,,,,,,,,,,,,,,,,,,
MOZ,13.98544423,15.93199114,12.77356305,14.46258215,15.14401704,13.69896057,14.4925559,14.10786894,11.94833471,10.62649371,10.03984425,9.549775225,8.62619404,8.326035515,8.220565093,8.30864035,8.117832587,7.819887035,8.613131235,8.727729481,8.338781118,8.064959592,8.505871807
MRT,9.874600799,10.1414071,11.7437803,10.71897544,10.75722525,9.640268506,8.481466917,7.314297587,5.526539368,8.435133709,6.70568705,5.742828681,6.521132118,6.406984148,7.414344454,7.43829556,6.111147578,6.413540454,6.337515789,7.096530308,6.68554623,6.088508741,6.149025948
MUS,19.74584303,20.04117505,19.0645919,18.02966433,17.53656247,16.89236823,15.82447167,15.46680982,15.31060249,14.90903358,14.16431515,13.86614728,13.64774529,13.72164563,13.52413257,13.00862839,12.38304812,11.83942004,11.32493546,10.52004655,10.81639837,11.69845052,11.95240085
MWI,,,,,,,,,,,,,,,,,,,,,,,
MYS,30.86354977,29.33640404,29.24639822,29.92867189,30.37814736,27.54968008,27.56608756,26.12258394,24.56071766,23.80014505,23.43377557,23.32020449,23.13817629,22.84074242,22.87393024,22.29329748,21.79695148,21.84615988,21.52815927,21.4089983,22.23207759,23.39088778,23.39354336
NAC,15.24010324,14.05357224,13.59563214,13.40999516,13.25702212,13.01155105,12.95033135,12.68488245,12.05920006,11.55227521,11.71942385,11.73787051,11.66787089,11.5759743,11.44387013,11.52574501,11.1220962,11.13235216,11.22971106,10.92210369,10.50837312,10.51599713,
NAM,9.73959016,9.622780593,9.42146187,11.39438804,10.59196078,10.48802863,12.59306201,13.47269171,11.27254897,12.86482256,12.29938679,13.45726237,12.19000589,10.31825878,9.908565291,11.41718482,11.67878853,12.22004344,12.29883482,12.46239874,11.0196432,10.73900014,10.90553782
NCL,5.188140027,5.436740423,5.419594593,5.300090186,5.221706832,5.211129011,5.422603929,4.975433993,5.302472546,5.834446735,5.555496237,5.453193228,5.493866104,5.94504574,5.628372685,5.864833979,5.909088976,5.603544794,,,,,
NER,9.246691393,8.869705096,8.774597662,9.11498221,9.391010597,8.414737026,8.124409132,7.682460338,7.112263705,7.424792627,6.917205465,6.681176806,7.516576093,8.014047553,8.483204639,7.625755954,7.473406569,7.56778659,7.382368407,7.346278793,7.389988391,7.639453306,5.35044652
NGA,13.93340041,13.9253596,11.81181308,12.06060684,10.86156992,10.06108332,8.852872608,8.401379657,8.168912972,7.838411937,6.552816976,7.171084296,7.724546672,8.928929322,9.635811603,9.428437322,8.679697782,8.741993492,9.648947481,11.5223587,12.66726516,14.61070297,13.59351333
NIC,12.47651664,13.65082657,14.82889937,13.95858895,14.04046178,13.5660208,13.59245359,13.99050748,14.00529763,13.61438931,14.26494095,14.05179257,14.20644938,14.49453099,14.73299546,14.1981611,14.14475847,13.64222265,13.84565973,14.03923788,13.43768302,13.91990352,13.87508916
NLD,13.35311179,13.12315696,12.54227886,12.17702463,12.26652509,12.30188624,11.92891577,12.00478059,11.45831724,10.50345527,10.4692367,10.80311028,10.73516845,10.28808578,10.36065281,10.80175882,10.85104971,11.05242052,11.05716246,10.77442485,10.82645977,11.09171168,11.41162319
NOR,8.974695388,9.028293722,9.006070409,8.974844452,8.637325285,8.231394811,8.353518024,8.351672377,7.815081985,7.47243937,7.277637447,6.83124022,6.706956094,6.709369696,6.887110282,6.961573812,6.669694018,6.47768065,6.103985902,6.276062105,6.587926016,5.61528387,4.875787003
NPL,8.840859263,8.699294828,8.213423646,7.887760015,7.763964162,7.615216521,7.314045291,7.168186946,7.01090408,6.622367122,5.946139,5.396920341,5.785222835,5.750414304,5.612191161,5.356055557,4.888189627,4.855673995,4.90647454,4.981441389,4.474854392,4.766037665,4.858898249
NRU,,,,,,,,,,,,,,,,,,,,,,,
NZL,15.50413471,15.1897259,15.55174174,14.71813539,14.5562536,14.52524595,13.31015558,12.3263675,12.41143364,10.76955539,10.84429188,10.9447248,10.60789281,10.23570296,11.07100177,11.28221195,10.09359644,10.19645075,9.948372307,9.745646118,9.472993792,,
OED,17.35816771,16.31666755,15.83825311,15.6400278,15.53309238,15.28394202,15.15131457,15.01384982,14.54499715,13.58359058,14.16648452,14.12432419,13.99488424,13.74617119,13.73088704,13.94783806,13.85153412,13.84352151,13.8470597,13.51060806,13.25979868,13.37699068,
OMN,5.726783355,8.783519974,8.633598746,8.871946789,8.619664731,8.620580503,11.26656476,10.75431192,10.48452191,11.57816489,10.04561825,10.46453094,9.932249685,9.407930504,8.631196202,8.916115687,7.914286703,8.495178421,9.09106412,8.02929792,8.356145702,9.12402522,10.49612607
OSS,16.52692023,17.47910028,17.33188112,16.14198531,14.39164688,13.31566042,12.17409709,11.72815896,11.76451084,12.74515191,12.70908833,11.84889885,11.74261787,11.5126329,11.49837364,10.80220528,10.46462066,10.54436745,10.57432768,10.35723763,9.964954887,10.72959867,11.11498141
PAK,9.094197863,9.505079703,9.373964074,9.557900858,10.45295151,11.76255638,12.61423338,12.48148456,13.25628901,12.53946637,13.03550037,13.38113593,13.73907621,13.32076285,13.41402629,12.30144209,11.21091675,11.29934591,11.60274316,12.58727459,11.41607343,11.93471622,13.77702791
PAN,11.27140635,10.42918335,9.449766569,8.928264046,8.597271593,8.260100546,8.040114264,7.157217932,7.073095402,7.285933363,7.096737737,6.338251119,6.231557494,6.631374192,6.605784293,6.390802303,6.17499918,6.057774663,5.72351371,5.657542271,5.606519425,5.205205146,4.968368929
PER,15.2145262,15.58125647,15.49890758,15.39858175,16.3726501,16.55161137,16.47219323,16.51803449,16.29654201,15.29305413,15.55649929,15.09145987,15.16439658,14.83140652,13.95969764,13.78802017,13.34402811,12.97084692,13.1690241,12.84935117,12.22210415,11.63567544,11.70862815
PHL,25.27956529,25.31154589,25.13540868,24.83687265,24.01199788,24.26990117,23.8291854,23.1509116,23.26866768,21.73861439,21.91920172,21.70432695,21.32857121,20.43449877,20.57508399,19.92802237,19.5903032,19.50020206,19.09824717,18.5164544,17.65817905,17.64008554,17.23944432
PLW,2.782822673,3.321438882,4.542332042,1.879864799,0.872227825,0.798097587,0.754694816,0.722331128,0.916261986,0.850296604,0.801966194,0.856579441,0.982637297,1.046729969,1.003807675,0.943636063,0.938652363,0.980392157,1.012041587,1.036716206,1.032810727,1.05262344,
PNG,7.166334559,7.032309572,6.257131826,6.531211556,6.704802818,,2.336502465,2.408002591,2.51303314,2.592142111,2.440339284,2.508862882,2.466265409,2.440516591,2.128229175,1.77710948,1.931402629,1.945336704,1.724264691,1.691022794,1.685225353,1.70144256,1.629378316
POL,16.052736,14.54306069,14.30829806,15.51705007,16.42926574,16.00920719,16.30278157,16.32149004,16.09704948,16.32958583,16.34336516,16.34315778,16.73965843,15.74528595,17.11020892,17.86906767,18.48489509,17.09098373,16.75377356,16.92498816,16.47228525,17.35920088,17.48338628
PRE,9.395451143,10.1037096,9.635694982,9.936523271,9.348137835,8.582011489,8.040993585,7.91507324,7.576606229,8.234450778,7.245690344,7.492678175,7.56701994,8.025901883,8.318907611,8.502554939,8.090115911,7.831142389,8.657959353,9.39592402,10.03723559,10.58645985,9.902994341
PRI,39.68895559,42.81662342,43.9738354,43.63682288,42.73084118,42.40124289,42.06132688,42.04075362,42.96689531,45.51738019,47.34365169,46.59612144,46.24771574,46.44304539,46.73319941,47.90264618,48.44287772,47.33513141,47.4373032,47.64169609,47.76948519,45.74109538,43.01713407
PRK,,,,,,,,,,,,,,,,,,,,,,,
PRT,15.04933732,14.67786461,14.19466495,13.47633714,13.05271226,12.56677653,12.34319807,12.24363323,11.90165272,11.13316536,11.60126587,11.34306038,11.39409083,11.54560914,11.79145148,12.13870877,12.15338515,12.34250796,12.26235271,11.89529572,12.01812693,12.36519241,12.24699128
PRY,15.6778275,16.20681813,16.39349357,17.51456421,17.93486378,17.95905239,18.32162715,18.19339504,20.33529114,19.79301114,18.55160391,18.39381231,18.52161871,18.31659135,18.76751008,19.41648705,19.0612408,19.45276982,18.99274831,18.79516824,18.70442753,19.1898113,19.39981272
PSE,10.43907641,10.97235058,9.041565892,12.58316532,9.90202255,11.31162573,8.514855188,9.976443076,10.92005909,10.77581409,12.22950989,11.46959173,13.11064513,11.89893086,10.75076664,9.321233288,10.0263544,11.65550595,11.54725188,11.23471562,11.04708435,11.19332928,
PSS,9.624268448,10.51985774,10.56036531,10.08231158,10.84283575,10.24324545,10.43827839,10.07090634,9.969094273,9.249516173,9.30869765,9.171633542,8.945270397,8.90865757,8.754284145,8.142620567,8.361687513,8.497748904,8.294917907,8.216179763,8.114883833,8.191091046,7.64820172
PST,17.20646895,16.1312373,15.65961072,15.48258845,15.39127375,15.14935904,14.98453582,14.85452474,14.35952908,13.37854762,13.98530019,13.90974703,13.75352762,13.48802703,13.44267639,13.51504729,13.44264501,13.4388654,13.42205136,13.07698955,12.79017017,12.82299184,
PYF,,,,,,5.090438615,4.518270165,4.619541215,4.820317452,4.866094965,4.570551419,4.626208727,4.918535049,4.85034901,4.680609266,5.097309414,5.169265868,4.761155154,4.914071498,4.812371866,,,
QAT,31.94482443,36.75988831,36.76301756,32.43487527,25.61668216,19.79805406,15.16647332,12.36804782,10.16648515,13.62826721,12.52776196,9.462717692,10.52400579,10.20499042,10.14215249,8.91552531,8.47608042,8.047170298,8.237423873,8.333572684,7.911260411,8.761907743,9.263813344
ROU,19.81289205,22.02077835,21.80926831,21.0476788,21.24200462,21.26789929,21.10539481,21.02806472,21.94535141,21.00696485,23.36313514,25.91334211,21.27649437,20.21626246,21.51418409,20.20816691,20.12461103,19.81269339,18.9415433,17.16843646,15.85973872,,
RUS,,,15.19344479,14.36733469,15.21650718,15.68022367,15.29122766,15.11463226,14.93315486,12.89797142,12.81547047,11.47093372,11.41528544,11.05730634,11.33558041,12.38301887,11.7002791,12.31277213,12.81988325,12.96920728,13.40281368,12.87105348,12.84190061
RWA,9.635305557,9.069706315,9.76770263,8.897213788,8.851638383,8.71768019,8.997774701,8.138907665,7.938856277,7.981949426,8.257006335,8.368812548,8.283130064,6.824722033,6.815921672,6.832172316,6.703949784,7.677866309,7.62454483,8.363870764,8.740009442,9.181390037,9.907796872
SAS,14.64231314,14.27635863,14.60958687,14.64356534,14.96720955,15.32746721,16.50523947,16.24259176,16.46238297,16.48591734,16.49859766,15.78556095,15.57436872,15.0662839,14.92872912,15.18176101,15.05778631,14.90738289,14.93169224,14.05439651,14.48786152,14.89366703,14.26459396
SAU,9.227118786,9.603893787,9.881582207,10.3185415,10.10235561,9.362611988,9.439599384,9.768302133,8.808244252,10.64744176,10.8283831,9.933551162,9.726942038,9.899814714,10.83179611,12.8336334,13.19826974,13.29363315,12.5695607,12.48911951,12.6378878,13.20718021,14.43588148
SDN,8.301581589,6.44579943,6.41767752,5.917529662,5.556734196,5.057505194,4.527741365,4.496305856,4.50574782,5.134511309,,,,,,,,,,,,,
SEN,20.83892501,20.98396207,21.58689514,20.57588963,20.95936579,19.90577529,19.2454738,18.61612738,17.53933132,15.76568231,15.57288881,17.24574864,16.99510584,17.38002414,16.99741556,17.0529992,16.41265626,15.80530875,15.52562326,14.89211538,14.64224451,14.98832543,15.10399907
SGP,25.86148604,23.39469785,24.73764032,24.76541269,27.1193676,27.0767618,26.57800599,23.8226519,20.58566497,20.27337643,20.77383303,19.58255151,19.11682198,17.63840961,17.99976889,18.08932985,17.47613809,18.56868525,20.73199808,19.3931713,19.75440782,20.78557099,20.50088743
SLB,,,,6.073365231,6.166319335,5.863559933,6.423248882,7.458085858,7.597672485,8.300456171,8.79884026,9.28839412,9.26871236,8.643329535,9.874826147,7.878899118,7.856335048,10.33572562,10.17194542,10.35136769,9.681382262,,
SLE,3.345756484,3.59878119,3.269826993,2.791390239,2.630103172,2.524644911,2.653437572,2.507274908,2.490173543,2.158748943,2.177217871,2.262127717,2.024350431,1.641227294,1.532975429,1.735554724,1.924022541,1.974289864,2.099095403,1.951559825,1.884905711,1.877770809,1.785496966
SLV,19.53286824,19.24834791,18.88011111,18.09649281,17.55758252,16.62573139,16.35054991,16.22631417,16.86411603,16.17890853,16.14095248,16.24677452,16.1734113,15.97729249,16.07623796,16.38749326,16.28568464,16.08462885,15.68784263,15.55867794,14.76842433,15.36899635,15.51366136
SMR,,,,,,,,,,,,,,,,28.48453792,28.59252259,28.65222825,32.18865127,30.59027596,31.47603937,32.77386773,
SOM,,,,,,,,,,,,,,,,,,,,,,,
SRB,27.11981286,24.80225719,22.45300086,20.1883203,20.48405433,19.53563499,18.57624817,17.76799681,17.16507452,14.91762079,15.30340435,15.22828907,15.82085669,16.11881898,14.96365924,14.76792786,14.81139304,15.08669422,14.52732012,13.68195214,13.28391714,13.00868006,13.51176249
SSA,13.91095981,13.85658845,12.99619659,13.34818259,13.02977244,12.33238629,11.09514469,10.85681269,10.34815387,10.58289683,9.823377034,9.702306146,9.557510904,9.955920982,10.07379557,10.04692897,9.894429947,9.815537385,10.63024254,11.02580568,11.08555436,11.65078552,11.44720402
SSD,,,,,,,,,1.838673419,2.610020805,2.331123774,2.063109892,2.715971552,4.017251079,2.675835618,3.534277011,,,,,,,
SSF,13.91775634,13.86189466,13.003613,13.35113868,13.02216207,12.32745627,11.09216673,10.85522358,10.34727543,10.58097039,9.822124671,9.700798277,9.556659861,9.953947266,10.07175625,10.04341503,9.890999684,9.812046061,10.62622424,11.02065014,11.08303967,11.64763324,11.44275721
SST,14.49106896,15.01101636,14.97205475,14.29624899,13.16902714,12.31701448,11.55633025,11.25498823,11.36381392,12.30488031,12.32304407,11.67535442,11.58880229,11.20178238,11.18172766,10.42906904,10.28209899,10.35918228,10.39598825,10.08203005,9.736340656,10.57739674,11.03942072
STP,,8.058436954,7.734854451,6.942293843,6.022161039,5.379316999,5.292399729,5.154060845,6.588541695,6.558547995,4.677117879,2.810793123,2.739103293,3.029792079,2.526552117,2.744496276,2.318623868,2.192513641,2.208590089,2.097813872,0.855948992,0.833839112,0.736515068
SUR,14.21889527,12.76660789,13.51651815,12.85441388,15.13243717,16.69728516,23.20288648,23.48343878,25.31449783,20.26696748,20.98724256,20.8137282,21.29122551,18.78570167,16.35249219,11.49323763,13.40076984,23.61014154,21.32326357,17.42597135,23.10871567,21.9015741,28.97687922
SVK,19.97940878,21.33386398,19.41107971,19.71430561,20.39987478,20.60750949,20.6550899,20.33950953,19.00140477,15.17654924,18.03337244,18.18007411,18.13583673,17.49490048,19.30845774,19.58723336,18.59915137,17.94974026,18.88105587,19.72390815,18.21530383,20.40148612,20.3300165
SVN,21.66002002,21.92983427,21.54101632,21.69442316,21.43999377,20.60883101,20.47089989,20.37507795,19.201582,17.12688871,17.47902295,18.21143714,18.73041142,19.15985954,19.62320694,19.93938327,20.16714694,20.57310748,20.30824379,20.59850719,20.52790735,19.96803712,19.87036014
SWE,20.1587442,19.21743989,18.67144973,18.08070201,17.39032731,17.15572902,17.15140752,17.18175406,15.7901539,13.74834003,14.7205842,14.59704579,13.92046563,13.30496399,13.06286676,13.60516563,13.1918666,13.04552945,13.03144415,12.80441158,12.36082768,13.16209543,13.42577663
SWZ,33.86420508,34.26538759,33.69901953,33.0148947,33.93914698,34.23648693,34.49022424,35.21546165,34.59717481,34.79175403,32.52848802,31.68918025,31.01901265,29.64226635,30.64160892,31.71397586,31.23146028,29.81041845,29.03211799,29.75202883,26.52452868,27.25365937,27.93029184
SXM,,,,,,,,,,,,1.527810933,1.156003853,0.939377389,2.268402594,2.287178709,2.318402885,2.210941328,1.357587862,1.256494995,1.241755561,1.170535736,
SYC,18.05486866,16.88469358,17.16285092,15.36825086,7.197384981,8.217597624,8.42422568,9.184975823,9.176197474,7.790422059,7.934059929,7.352949867,8.192005673,7.232641548,7.268660637,5.762684569,6.147246961,5.890820946,6.120239836,5.324014322,7.463586567,7.052410041,5.811184071
SYR,,,,,,,,,,,,,,,,,,,,,,,
TCA,3.394780858,2.966677148,2.82480961,2.77120201,2.329927504,2.058530452,1.721075813,1.874181389,1.58716359,1.909778465,1.253545855,0.998985167,0.701770309,0.727091449,0.741912088,0.691456049,0.630247217,0.625901708,0.563342071,0.520705019,0.670464415,0.593044198,
TCD,8.588088903,9.211454147,9.062188908,7.671362554,5.020708816,0.232607691,0.695835858,0.675446632,0.767680705,0.996386264,0.972748014,1.726396538,2.058839922,2.720242879,2.687991149,2.778290083,2.955106324,2.925709554,2.873903769,2.854010194,3.191500401,,
TEA,,,,,30.74018376,30.63059318,30.92486734,30.84816298,30.68950796,30.14654759,29.66274521,30.0080192,29.62505019,28.99117221,28.8594256,27.72887358,26.9214502,26.97153434,26.78339915,25.8142104,25.47209074,26.65461028,26.65872625
TEC,,,16.25026444,16.25158957,16.70962574,16.77476859,16.59624078,16.40725282,16.05217346,14.60784994,14.51051321,14.10827412,13.67816595,13.38052905,13.97027189,14.73023493,14.71344786,14.86012596,15.18556284,14.95512289,15.24555522,15.78464625,15.62268666
TGO,7.46296374,7.957815054,7.886258207,7.205470053,7.040317483,7.923105905,8.681059561,19.09282108,16.17591322,15.1024937,14.59123648,14.22848907,11.95332134,14.54411878,16.17649947,14.881297,13.4059683,13.0097568,13.25264391,12.6335069,13.72682534,,
THA,28.37544528,27.82676748,28.51503178,29.58050295,29.41896805,29.61506806,30.16807997,30.58744967,30.55473054,29.46214007,30.93047882,28.99588092,27.97278735,27.58869075,27.57350096,27.3740712,27.14423937,27.01481548,26.71283439,25.62159641,25.55368553,27.17740165,27.02069218
TJK,,,,,,,,,,,,9.662765911,9.470980087,9.226041113,7.617665427,10.73290727,11.37774387,12.80529159,13.22896965,13.4323434,15.62585236,14.99886719,
TKM,9.837258281,13.89266399,14.50265252,17.4800101,20.45651585,,,,,,,,,,,,,,,,,,
TLA,16.92854065,16.74238678,16.54217931,16.99911789,16.82656751,16.20523554,16.03355,15.55810593,15.23124846,14.48148924,14.1660787,13.65367583,13.39413869,13.07842275,13.04387354,16.28960732,16.07348505,15.79160915,16.03819418,15.81931026,16.26985624,16.56746189,17.28414436
TLS,2.534419225,2.498494586,2.573406851,2.62358772,2.497368254,2.447909005,2.5046475,2.065806011,1.683732095,1.385139141,1.009196751,0.910252763,0.793999423,0.723328925,0.776623601,0.970746646,1.092591043,1.549190957,1.681057304,1.833911025,1.52727304,0.752794483,1.292118301
TMN,14.5106385,14.30583735,14.11949722,14.82176174,15.16662327,15.42283728,15.24125069,14.07438392,14.32536518,12.63234479,12.69050299,15.17354836,15.6509214,15.03050657,14.90815047,13.44890329,13.23655253,13.25851199,13.58493338,13.67676648,14.47156706,15.72967925,16.40087747
TON,8.87109888,8.378363816,7.872495251,7.876257901,7.668170653,7.328202635,6.955787356,7.058599387,6.703051322,6.537840806,6.008654353,5.829613418,5.852522138,6.181300274,6.235558693,6.026708221,6.037358972,5.95928083,5.798578349,5.168290721,5.606668857,5.188789572,
TSA,14.64231314,14.27635863,14.60958687,14.64356534,14.96720955,15.32746721,16.50523947,16.24259176,16.46238297,16.48591734,16.49859766,15.78556095,15.57436872,15.0662839,14.92872912,15.18176101,15.05778631,14.90738289,14.93169224,14.05439651,14.48786152,14.89366703,14.26459396
TSS,13.91775634,13.86189466,13.003613,13.35113868,13.02216207,12.32745627,11.09216673,10.85522358,10.34727543,10.58097039,9.822124671,9.700798277,9.556659861,9.953947266,10.07175625,10.04341503,9.890999684,9.812046061,10.62622424,11.02065014,11.08303967,11.64763324,11.44275721
TTO,,,,,,,,,,,,,17.32421796,13.88501334,14.34536174,14.05325088,17.14355986,16.22252068,17.06591493,15.52123546,14.29953134,18.81717577,22.24170296
TUN,16.31004233,16.55053801,16.54863652,16.07968745,15.77687089,15.65236082,16.15475061,16.8400365,18.13862776,16.93690224,15.72391041,15.96951608,15.43494647,15.00824302,14.5464537,14.01037803,13.80895065,14.20098852,14.51688134,14.31889338,13.69364113,14.41715511,15.07895712
TUR,18.70562697,17.71462985,16.9326153,17.11144698,16.94823506,16.9038637,17.059374,16.80466786,16.26460107,15.15760591,15.05396857,16.44867103,15.8337489,16.27985574,16.77169702,16.69618545,16.5954579,17.59183105,19.0837558,18.37746771,19.1391926,22.23804957,22.10864837
TUV,0.688461538,0.721481481,0.805806452,1.148333333,0.891935484,0.787666667,0.840625,0.738235294,1,1.027777778,1.088571429,1.026315789,,,,,,,,,,,
TZA,9.858122607,9.465636593,9.366992546,9.375857236,9.190216557,9.026503074,8.821439254,8.817414345,8.744588961,8.666675269,8.665829302,9.54869846,9.438233264,9.110895166,9.120109,7.855564961,7.813717838,7.665587155,8.073823151,8.501810556,8.03212809,8.024874633,8.187171923
UGA,7.098978105,7.061988776,7.354144342,7.055683802,6.364934006,7.009315598,7.090616066,7.125823101,7.30696526,20.07784579,19.65630717,19.08630722,18.67000674,16.54856162,15.63386283,17.60854768,16.2297476,15.52299609,15.77935562,15.46630748,15.79525672,16.43374919,16.37186971
UKR,17.38735465,16.33479342,16.92890518,17.54394188,17.51169087,18.50828186,18.74896021,18.40445956,15.88655446,14.31668289,13.0957491,11.76553427,12.22962711,11.14059174,12.22812816,11.90277912,12.21912603,11.98030207,11.53402155,10.78860042,10.10138261,10.28329715,7.576765142
UMC,,,,,22.57574396,22.12145776,22.16677227,22.10249831,22.13670743,22.21302919,21.8423219,21.83792546,21.81173532,21.64100284,22.04795625,22.5971791,22.2011795,22.12745161,22.43227748,21.83124946,22.17504536,23.18997734,22.9177369
URY,12.5186631,12.67439435,13.08012991,14.87090944,14.90260843,14.85246711,14.54339075,13.73514408,14.94688285,14.81860071,13.52832362,12.73340431,12.17315682,11.26622779,12.14330217,13.24266133,10.98677488,10.27325273,10.95255654,10.36857497,10.25561022,10.81035521,10.35768053
USA,15.11507499,13.9193094,13.45287764,13.31651175,13.17418108,12.98331952,12.99072267,12.76975661,12.2167302,11.69878959,11.9060851,11.94724683,11.85756063,11.79811646,11.65547549,11.66231343,11.22363792,11.25885647,11.34807393,11.05803677,10.62906472,10.71037081,
UZB,,,,,,,,,,,10.18113597,10.245089,10.53536906,11.61452326,12.6883575,12.80946893,13.65402063,13.81578597,15.91434519,17.54269108,19.16436994,19.57183518,19.14488087
VCT,5.214580966,5.809544169,4.880245632,4.867361966,4.971488092,5.108182898,4.365746621,4.919404104,4.285734217,4.686871228,4.908993598,4.375576145,4.182294246,4.292648384,4.685240436,4.794933371,4.991312733,4.953266927,4.87835523,4.04909173,3.703230205,3.451380042,3.732366044
VEN,18.52902992,16.98932795,16.43859487,17.11812259,16.45775144,15.07806447,13.90856953,13.33672421,12.83958618,13.62486832,11.89951988,11.64524006,11.7676049,11.5143021,12.07335643,,,,,,,,
VGB,,,,,,,,,,,,,,,,,,,,,,,
VIR,,,,,,,,,,,,,,,,,,,,,,,
VNM,,,,,,18.82328356,19.38072563,19.3804145,18.57965765,18.30103546,17.13057057,18.69414554,20.27409248,20.68745369,20.37122923,20.96009168,21.4882532,22.62712397,23.36716792,23.7867165,23.94724304,24.6174305,24.75931217
VUT,4.513768329,4.495731057,4.204853227,4.104098894,4.034017107,3.798553815,3.612351114,3.109758403,2.557506306,2.94354775,4.987999261,4.333502649,3.758769018,3.41460693,3.496065093,2.834653577,2.508647455,2.903392385,2.776564919,,,,
WLD,18.24210334,17.21847857,16.77975136,16.6255944,16.50093781,16.31341692,16.28246199,16.24586797,16.00517676,15.40066263,15.91554168,16.03488413,16.01711635,15.86369598,15.98736225,16.44123334,16.25111643,16.31133561,16.44000996,16.03414436,16.03266273,16.55440397,16.04771382
WSM,19.10265457,20.09630195,20.74489612,21.82751382,21.73873157,19.72755973,18.70271875,16.94592872,16.49223668,10.65596258,8.151733297,7.57857171,8.139214551,7.680412603,6.89993047,6.443929145,6.255926195,6.19206875,4.728204974,4.540111648,3.950283485,4.874292299,4.917229646
XKX,,,,,,,,,14.04175544,14.87549582,13.77262161,13.11959163,13.25279732,13.51216998,13.47106484,13.264168,13.05525294,12.78484426,13.12748622,12.86269666,13.35206942,12.89153197,13.17618261
YEM,,,,,,,,,,,,,,,,,,,,,,,
ZAF,18.96826643,19.03695787,19.0721823,18.50211188,17.98981452,17.37057973,15.59552455,15.44192483,15.60869108,14.50780436,13.85957361,12.86177002,12.48259185,12.36677578,12.48071139,12.51794447,12.48364435,12.5127045,12.45703328,12.40089127,11.755616,11.92234056,12.26695207
ZMB,9.453296547,9.081867226,9.585879251,10.14813672,10.06523898,9.840460977,9.407918982,8.679804366,8.453968149,8.684927817,7.578283936,7.51615953,7.075813251,6.023734529,6.819983359,7.522311308,7.68612523,8.127238236,6.84776648,6.788930097,7.715369781,18.24920243,13.82480402
ZWE,13.38798171,13.14537155,11.87174048,12.16673996,13.94948538,15.12284892,16.01318835,16.09742314,16.33451644,11.03051314,9.208112851,9.172401152,14.04340216,12.91905671,12.5907647,11.88859922,11.59601989,11.01700859,13.678137,14.22235975,15.69656644,12.44293386,21.48686149
