Country,Code,2000,2001,2002,2003,2004,2005,2006,2007,2008,2009,2010,2011,2012,2013,2014,2015,2016,2017,2018,2019,2020
Aruba,ABW,5.417261666,-5.08748023,-5.411987982,-0.151921482,6.023132962,-0.084879113,0.24685282,1.401979577,-0.224758911,-10.59912817,-3.886820453,3.05578791,-1.865105256,3.592223121,-0.29053442,5.129657088,1.587868753,1.519821434,,,
Africa Eastern and Southern,AFE,0.569977805,0.888639937,1.337972193,0.271500832,2.933164313,3.599817154,3.898307299,4.04477788,1.803461797,-1.740179903,2.340620471,1.223827794,-0.769509279,1.505305308,1.203259727,0.187859712,-0.674532556,-0.144709798,-0.185405595,-0.544414099,-5.403820445
Afghanistan,AFG,,,,3.868380295,-2.875203167,7.207967218,2.253310644,11.02278717,1.594215458,18.51541929,11.26409057,-2.681061056,8.974865343,1.97416569,-0.665291051,-1.622857186,-0.541416196,0.064764195,-1.194900383,1.535636674,-4.575031864
Africa Western and Central,AFW,1.000027019,2.444934933,7.010741239,2.738269497,5.149780411,3.018703951,2.533621788,2.667865817,3.386356702,3.383289176,4.056565923,2.017199274,2.315174891,3.260885983,3.096784162,0.007402359,-2.533562291,-0.390664944,0.241530875,0.49295312,-3.453975656
Angola,AGO,-0.267956298,0.822138302,9.943757743,-0.43183389,7.187063696,11.03078294,7.582318726,9.89004909,7.116847905,-2.808599596,0.640263325,-0.220842988,4.70651886,1.291993845,1.219880621,-2.468737307,-5.816187549,-3.409983376,-5.162111791,-3.795607965,-8.396241194
Albania,ALB,7.630022432,9.314397145,4.850475331,5.924211542,5.956569595,6.067882433,6.572922984,6.787228941,8.328108421,4.053139866,4.223083825,2.821642455,1.584872815,1.187234353,1.985388094,2.516827051,3.480293217,3.897740606,4.276325655,2.549358579,-3.398708468
Andorra,AND,1.910286412,4.982252338,0.510652937,4.042246268,3.781885829,1.895271315,2.060202314,-0.518849647,-6.885817402,-5.976684045,-1.966833159,0.834867424,-3.45153545,-1.568871338,4.519279413,3.02081678,4.646211549,0.734439351,1.574254317,1.833060593,-12.08829967
Arab World,ARB,4.352927639,-0.46147699,-1.52298207,2.471012189,6.614562905,3.037741811,3.603033147,2.043736273,3.240520161,-1.747432242,2.337697244,1.443763887,2.700095626,0.725441219,0.389027895,0.888157832,1.15295877,-1.006357856,0.468786241,0.137964422,-7.065181879
United Arab Emirates,ARE,4.909159703,-3.778905332,-2.750302954,1.966321187,-0.038010166,-7.020363051,-4.916669307,-11.34565271,-10.20864609,-15.15122468,-5.914930778,2.18634403,2.257098976,4.409938261,4.225677167,4.507817687,1.905205739,1.011430774,-0.320590314,1.934431483,-7.272172975
Argentina,ARG,-1.874936367,-5.447048173,-11.85478172,7.676534048,7.884937505,7.729488996,6.955533576,7.924210888,3.029500652,-6.854225055,9.300122922,4.788683139,-2.14528445,1.265685175,-3.57858051,1.629664279,-3.110063898,1.757648183,-3.601609757,-2.994387889,-10.76510773
Armenia,ARM,6.570086565,10.27940312,13.82346307,14.60582159,11.13422934,14.64320764,14.07860742,14.69586826,7.819138194,-13.51939082,2.582897383,4.7283176,6.913698623,2.823926169,3.073178678,2.735918024,-0.161329865,7.18452239,4.952230836,7.38219728,-7.572060526
American Samoa,ASM,,,,0.256153661,0.091870463,-0.19579254,-3.371501219,3.146660118,-1.172397267,-2.788560506,1.356786303,0.590081607,-4.187040198,-2.583995908,1.627844464,3.121880892,-1.561204901,-6.783548017,2.959910556,-0.219737965,4.138083663
Antigua and Barbuda,ATG,4.340850519,-6.037663834,-0.373817347,4.721680697,4.403260934,5.016485291,11.00080029,7.605968396,-1.612584381,-13.33182584,-9.187966715,-3.298786215,2.049933173,-1.798966587,2.616052309,2.705718436,4.437253324,2.166114044,5.932276282,3.96278456,-20.85493493
Australia,AUS,2.680864996,0.671692882,2.7526795,1.845765496,3.004314914,1.807784024,1.222561054,3.122288586,1.521969537,-0.21120115,0.595353727,1.055747877,2.118897029,0.849416993,1.044489641,0.712256478,1.149347464,0.587161103,1.302840712,0.571102988,-1.254598269
Austria,AUT,3.12743665,0.880259098,1.152676331,0.450946527,2.099711169,1.549877317,2.943417859,3.391730827,1.143307119,-4.016340042,1.592577128,2.576448318,0.222450577,-0.562298943,-0.122370667,-0.11154019,0.89246914,1.550724086,2.003552524,1.04090812,-7.124479726
Azerbaijan,AZE,10.19102962,9.051822301,8.625351139,9.37646097,8.301538012,26.66009473,33.03048777,23.59068556,8.457450219,7.050602254,3.806491073,-1.195843098,0.816684084,4.4500202,1.475937152,-0.103121434,-4.177171798,-0.778416066,0.624486168,1.635850414,-4.952701637
Burundi,BDI,-2.593559293,-0.238106,1.664464582,-4.155108941,1.562578136,-2.294461494,2.046914102,0.104847755,1.456551173,0.455731439,1.756244616,0.74848923,1.198012892,1.687375305,1.021626356,-6.886404541,-3.708334877,-2.646778209,-1.557543455,-1.294768236,-2.740708463
Belgium,BEL,3.465452571,0.75248291,1.251984606,0.61587978,3.123928918,1.760455594,1.8781832,2.918338349,-0.343452718,-2.80592074,1.928764196,0.38003457,0.116402578,-0.013148386,1.128595725,1.451893368,0.755268919,1.228866236,1.356791445,1.598970017,-6.206770308
Benin,BEN,2.745725782,2.195763603,1.506465248,0.346606024,1.337933772,-1.245889709,0.975162118,3.004154076,1.976221564,-0.515289133,-0.711405268,0.116989314,1.919536798,4.24138004,3.439491778,-1.004234539,0.525130743,2.805281504,3.818783343,4.003089135,1.090098527
Burkina Faso,BFA,-0.966443019,3.608687569,1.39456834,4.722709597,1.464089377,5.493492362,3.124248282,1.022406824,2.647568317,-0.107459606,5.220991699,3.462030917,3.309202511,2.684768015,1.28212747,0.911075763,2.913665585,3.177360753,3.591634808,2.724072125,-0.907160523
Bangladesh,BGD,3.257496507,3.113805997,1.960394887,2.941850091,3.55335866,4.965840614,5.24454106,5.753407226,4.806176198,3.878500674,4.390962886,5.253547153,5.29926033,4.79519609,4.85575647,5.366866159,5.946678284,6.136478312,6.733298633,7.045288761,2.476359852
Bulgaria,BGR,5.10505562,5.911159599,8.195215514,6.074062384,7.317405526,7.865500223,7.616849629,7.37801683,6.863490701,-2.646640961,2.212431063,2.758011774,1.340217109,-0.00242338,1.542387921,4.090107686,3.765068555,3.515538335,3.428724777,4.772502064,-3.811515942
Bahrain,BHR,0.85269044,-2.348922626,-1.935982917,0.349253322,0.3884213,-0.353001993,-1.227455489,0.19212071,-1.258466559,-3.554145384,-0.356550281,-0.991765171,1.989467972,4.207418678,2.70680579,-0.187595037,-0.359639348,-0.475473382,-2.767804861,-2.322520858,-8.455370499
"Bahamas, The",BHS,2.757758765,1.074343535,1.02250922,-2.988092112,-0.942616316,1.499854312,0.601739307,-0.464110317,-4.112026117,-5.798457819,0.011888723,-0.686873073,1.953317899,-4.524239256,1.332399988,0.619177352,-0.894872291,0.606496418,1.731469038,-0.293225395,-15.3322771
Bosnia and Herzegovina,BIH,12.5302994,2.305003845,4.919186896,3.790111807,6.268349492,3.865777043,5.411483997,5.931143235,5.683408378,-2.528921524,1.695002033,2.181253882,0.724336969,4.15191548,2.911120618,4.674687895,4.462656369,4.240509741,4.601625193,3.545337395,-2.601434704
Belarus,BLR,6.299636448,5.263892131,5.716082411,7.794917912,12.21261832,10.14976717,10.6755868,9.099459979,10.58130499,0.446705796,8.034088134,5.625881186,1.846520268,1.042243413,1.669279929,-3.957251254,-2.611913805,2.644807522,3.369991519,1.604818192,-0.479446185
Belize,BLZ,9.212347182,1.497699826,1.811010959,6.47638111,2.103835843,-0.674807736,2.112534896,-2.074775139,0.861932837,-2.277345824,0.508814503,-0.480053247,0.068796758,-0.96381635,1.782739875,0.487997242,-2.061066621,-0.184795031,0.946112739,-0.135066237,-15.58274144
Bermuda,BMU,8.348324206,6.071369138,-2.116731681,2.736271274,1.655071335,1.018079897,4.940272519,2.763815335,-2.444780256,-6.148629405,-1.736363236,-2.907850829,-5.647262748,-0.591137895,-3.903606108,0.622598427,0.3938692,4.716102205,-0.504455912,0.469320878,-6.329424296
Bolivia,BOL,0.544854523,-0.235740274,0.579784521,0.831475281,2.298390878,2.574925411,2.977253409,2.78136714,4.368494273,1.649164361,2.429302312,3.511073964,3.453658407,5.127593123,3.843749862,3.282698937,2.731976347,2.696155231,2.752163462,0.796516094,-10.07858035
Brazil,BRA,2.911826435,0.013370861,1.709470966,-0.122933724,4.497077063,2.026304229,2.834758484,4.974701896,4.054410664,-1.081942369,6.524370056,3.026401969,1.014540821,2.108885848,-0.352483145,-4.351475066,-4.069410924,0.50833798,0.988960033,0.651853446,-4.740553195
Barbados,BRB,4.040958449,-2.71767289,0.444959659,1.837293191,1.060891029,3.565323666,5.461876364,1.7525013,0.253184616,-5.469843228,-2.641107072,-0.973739962,-0.70508296,-1.613257346,-0.310745172,2.268455267,2.309812032,0.323816531,-0.722886472,-0.22875084,-19.07818762
Brunei Darussalam,BRN,0.703316971,0.667930264,1.853226242,1.005462767,-1.212258392,-1.173658313,2.945644508,-1.102134932,-3.090072107,-2.911932071,1.349722742,2.413739982,-0.430143838,-3.437019985,-3.784519654,-1.625373519,-3.610898643,0.209044442,-0.992460953,2.829690022,0.165658548
Bhutan,BTN,1.059276076,6.082152837,8.761355447,5.794230755,4.188464354,5.644230192,5.590227761,17.03122085,3.748050248,5.691125069,10.77450932,6.768527697,3.877054941,0.875815244,4.479321287,5.348258203,6.83236706,3.408611367,1.848487752,4.549737285,-11.0690288
Botswana,BWA,-0.064863831,-1.625584261,4.205109672,2.831243212,0.893974819,2.607174833,6.189759782,5.993576872,4.017076034,-9.442021048,6.727326038,4.559247783,3.219551903,10.10178009,2.849377993,-7.144643802,5.093862034,1.873881526,1.720434373,0.773637549,-10.35764812
Central African Republic,CAF,-4.696612815,2.174635926,1.433283274,-7.324447321,3.88836103,-1.053217533,2.743504181,2.615832214,0.254331009,6.978712515,3.458709217,3.443004,4.632922101,-36.55691955,-0.282695893,3.663704303,3.722777874,3.200452519,2.224675451,1.289461367,-0.936836488
Canada,CAN,3.945218564,0.309869781,2.303577137,2.879569828,2.948998271,4.008877889,3.118693069,5.835793375,-0.080294839,-4.030419849,1.949628189,2.142309009,0.663247995,1.253613813,1.841026124,-0.089285801,-0.135842621,1.811114549,1.33547089,0.448132391,-6.259992165
Central Europe and the Baltics,CEB,4.543143218,3.828312784,4.285103186,4.411876465,6.126851766,5.305766637,6.858985417,6.820345004,4.300774651,-3.312885011,2.066260181,3.309214867,0.9943884,1.455574042,3.199952307,4.18749728,3.334143939,5.138074394,4.69665312,4.214359639,-3.677091821
Switzerland,CHE,3.393747681,0.935103969,-0.759080084,-0.78567427,2.11713012,2.225677166,3.364296546,3.070462499,1.458141101,-3.295521168,2.19808651,0.793490807,0.148135707,0.657546866,1.204481604,0.507122106,0.936883741,0.641284066,2.161569653,0.491609145,-3.08915996
Channel Islands,CHI,5.194985338,-1.947607641,-1.957050271,-3.511120538,-0.20935694,0.741424685,3.973999005,4.771853676,,,,,,,,,,,,,
Chile,CHL,4.094314573,2.146176048,2.000585088,3.005876123,6.102812658,4.646759137,5.200380038,3.790320755,2.42625274,-2.60145285,4.750242103,5.057708365,4.309193989,3.031573491,0.692522609,1.105984398,0.372098731,-0.247251359,2.281121035,-0.245035757,-6.580755715
China,CHN,7.638597676,7.551654832,8.404879975,9.354776644,9.46155877,10.74137513,12.09330469,13.6358205,9.090280102,8.855947676,10.10283262,8.953816042,7.134523777,7.050734134,6.750760316,6.420736477,6.238215448,6.301863101,6.251700556,5.574533127,2.116522893
Cote d'Ivoire,CIV,-2.824123317,-4.466867772,-4.86717039,-6.7184065,1.055476898,-1.117011973,0.620555975,-1.094158153,2.46143775,1.26063516,4.382534214,-7.601147827,5.030511965,8.050729461,6.666800232,4.524288973,4.495184281,4.658899564,4.19662142,3.557682501,-0.599377217
Cameroon,CMR,1.146271348,1.60649699,1.738925559,2.670941252,4.205363391,-0.504706541,1.016808764,1.505795954,0.05706806,-0.205524125,0.110124732,0.584593186,1.807053386,2.179930417,2.902004572,2.870787848,1.791287977,0.845720712,1.275063726,0.835333751,-2.042454665
"Congo, Dem. Rep.",COD,-9.255088418,-4.774061372,-0.031233235,2.387605672,3.433203146,2.808807555,1.984858623,2.84986165,2.783849498,-0.500569834,3.59883861,3.366413489,3.571784034,4.927569975,5.895884453,3.442598056,-0.9077236,0.401473698,2.461092711,1.110159543,-1.412051028
"Congo, Rep.",COG,4.514999989,0.882969248,1.661302863,-2.043400003,0.424242129,4.415301449,4.457919147,-9.769647751,2.719163466,8.030957924,6.630090035,-0.610460762,7.135091084,-3.129997904,4.143745289,-5.916645656,-13.02042962,-6.80921641,-7.231557962,-2.614952335,-10.2397571
Colombia,COL,1.287367824,0.096779498,0.950680914,2.393939659,3.850805348,3.423322226,5.350402516,5.428634847,2.075784094,0.020713246,3.402533132,5.917244264,2.981272873,4.184821897,3.448395232,1.757883717,0.700688638,-0.163409332,1.012856042,1.889274487,-7.791201023
Comoros,COM,8.087708026,-0.159075311,-0.116026509,-0.300382846,-0.472396639,0.41719798,0.221484934,-1.587427951,1.530944452,0.743854432,1.324944611,1.612628819,0.735693019,2.013053682,-0.303825605,-1.230860462,0.962061037,1.482339326,1.347332748,-0.465278932,-2.276950715
Cabo Verde,CPV,12.223792,0.466478979,3.527262514,2.562415823,8.58159186,5.43126348,6.571266989,13.74131827,5.368751811,-2.451325536,0.235744952,2.673803055,-0.195107704,-0.477378625,-0.657599484,-0.237387479,3.444133442,2.475169431,3.326801469,4.481830156,-15.71099847
Costa Rica,CRI,1.851802693,1.651631397,1.731106373,2.735632301,2.914440846,2.512478291,5.846817278,6.760552891,3.365398682,-2.136805798,4.056807725,3.147663007,3.653958913,1.325289728,2.391709165,2.531383286,3.108306775,3.092566338,1.600140073,1.281513711,-4.940398899
Caribbean small states,CSS,3.01569955,1.32013939,2.871437281,4.872758186,3.234814142,2.924018004,6.093185503,2.628760555,0.609320372,-4.201327068,0.66381921,0.431628679,0.616752382,-0.091944682,-0.002705787,0.386837468,-1.783749054,-0.534163388,1.263453511,0.039175534,-8.666040198
Cuba,CUB,5.517333145,2.831491929,1.107967859,3.519873983,5.571376329,11.09089503,12.06929637,7.358653772,4.247861543,1.544057101,2.398360498,2.703145906,2.827842758,2.514381705,0.831422267,4.273361609,0.422151607,1.771820723,2.258481461,-0.123773042,-10.89434366
Curacao,CUW,,3.007946789,0.274293259,-1.758683522,-1.505339407,-1.858439086,-0.9409622,0.466172919,0.910343817,-1.176897717,-1.176269268,-0.806884969,-0.964264113,-1.912431969,-2.462195476,-1.035883986,-2.030879105,-2.05324118,-1.650976838,-2.237297707,-17.12241733
Cayman Islands,CYM,,,,,,,,0.102081391,-3.235533292,-9.69320823,-5.034790696,-0.93727918,-0.634729366,-0.359848582,1.110863557,1.378620263,1.848900542,1.852363286,2.911639275,2.576691617,-7.825908519
Cyprus,CYP,4.844161198,2.838122661,2.54106759,1.383618051,3.630811322,3.353765178,2.981298759,2.884107512,1.076565215,-4.610654068,-0.618672408,-2.127828575,-4.906834837,-6.335598219,-0.742815124,3.973377407,5.967386314,4.872486957,4.411385807,3.864532641,-6.516627349
Czech Republic,CZE,4.293071465,3.430857546,1.76597432,3.613338965,4.782365794,6.454261737,6.478203603,4.956085333,1.838240193,-5.198981919,2.136880484,1.55018979,-0.92373445,-0.079052895,2.154500479,5.181402654,2.340552261,4.889722042,2.854108113,2.624557435,-6.035773782
Germany,DEU,2.773221251,1.510558261,-0.365628327,-0.755077167,1.197055352,0.788917116,3.933610331,3.114245883,1.152029742,-5.454577169,4.339606777,5.869635737,0.230160993,0.163870563,1.784341886,0.617105353,1.408102075,2.297206047,0.782690047,0.827864779,-4.738789048
Djibouti,DJI,,,,,,,,,,,,,,,5.225655191,5.894352044,4.917151591,3.7303378,6.731900604,6.150547468,-0.969351783
Dominica,DMA,2.6017636,-0.093967152,-3.063137326,5.955651716,2.633433603,0.380620254,4.455221701,6.234296721,7.072661512,-1.196094959,0.631443233,-0.2727973,-1.117566667,-1.090550241,4.342163901,-2.805951872,2.36664739,-6.998975795,1.977413963,7.298747974,-16.81690055
Denmark,DNK,3.400684546,0.462534295,0.145880727,0.117358167,2.403233997,2.055110516,3.572063464,0.462731494,-1.094842128,-5.414013999,1.419486631,0.920393685,-0.149916088,0.513424428,1.105433466,1.622166258,2.443368874,2.162355113,1.485085157,1.749614095,-2.347336032
Dominican Republic,DOM,3.079984528,0.942844621,2.981566664,-2.742901918,1.151470008,7.95089605,7.736422901,6.033693331,1.908505747,-0.304580775,7.016783452,1.89221321,1.500005264,3.650818788,5.81878933,5.715518778,5.468634895,3.518071155,5.834537488,3.958404175,-7.657060908
Algeria,DZA,2.399496544,1.659672589,4.262072013,5.840905136,2.934541622,4.43825778,0.214792143,1.808252618,0.738194545,-0.134681878,1.746790655,0.980209993,1.40174756,0.76169938,1.710454903,1.600493697,1.104570156,-0.750456692,-0.909245791,-0.934555885,-6.826963623
East Asia & Pacific (excluding high income),EAP,6.584030756,5.998147937,7.121942268,8.043381018,8.251249963,9.114265347,10.24486272,11.68370283,7.842942223,7.220852072,9.155304282,7.833653302,6.665931914,6.400290532,6.115974027,5.86799177,5.782767162,5.894276264,5.817373954,5.171136486,0.893428496
Early-demographic dividend,EAR,2.540073457,-0.7804635,0.053494226,3.64037559,4.521550604,4.184054371,4.298386765,4.114035606,1.942939205,-0.656353593,4.950187223,3.482110638,2.474731565,2.858252928,2.781338788,3.045255504,3.279253254,3.189090816,2.33108259,0.995396759,-5.703913309
East Asia & Pacific,EAS,4.413756828,2.386651581,3.512873182,4.124043592,5.070838553,5.120082726,5.681893438,6.72321406,3.652496462,1.857505301,6.890586765,4.727955658,4.34747181,4.423467668,3.960791767,3.95913977,3.927429193,4.311128151,4.090181116,3.51155498,-0.562730744
Europe & Central Asia (excluding high income),ECA,8.00100579,2.882971827,5.590658107,6.596717108,8.321257572,7.073493199,8.021672565,7.573895842,4.232752345,-6.105653018,4.489005763,5.43864844,3.285752964,3.389107493,1.510865249,0.394147554,1.14747785,3.548597694,2.724352324,1.855659397,-1.88462156
Europe & Central Asia,ECS,4.147376058,2.057930928,1.450740681,1.509782244,2.874156051,2.341457333,3.568997563,3.232294875,0.596396409,-4.77683667,2.260870636,2.105638068,-0.053827245,0.41742806,1.393620112,1.633700533,1.499595707,2.398394766,1.791845498,1.497054177,-5.850925099
Ecuador,ECU,-0.813578256,2.134705573,2.284631765,0.984821248,6.406664248,3.54392893,2.669282015,0.494765341,4.607021102,-1.058101365,1.892865177,6.221016513,4.070286801,3.387267007,2.198973161,-1.50763432,-2.898018796,0.573913174,-0.483429078,-1.653249634,-9.15874487
"Egypt, Arab Rep.",EGY,4.336347588,1.585496664,0.481792741,1.293196394,2.203154341,2.602210695,4.967393052,5.228311412,5.26715476,2.740086897,3.080841972,-0.363927634,-0.012958454,-0.105970986,0.61685131,2.093735794,2.1320153,2.025579951,3.194420749,3.492046874,1.599848592
Euro area,EMU,3.524133442,1.803227862,0.448128539,0.137742246,1.73215823,1.156413351,2.749185038,2.467715281,-0.071744118,-4.830322888,1.938426221,1.940418519,-1.060821003,-0.558393357,1.054078745,1.754028443,1.567348354,2.392522403,1.605743973,1.47504789,-6.576462987
Eritrea,ERI,-5.465863683,4.985964341,-1.409375668,-7.143403191,-2.981009491,-1.302738235,-4.076212654,-1.224523811,-11.73424709,1.974114433,0.565852074,7.207773128,,,,,,,,,
Spain,ESP,4.776451415,3.214081018,1.290050047,1.136253252,1.35870928,1.915695738,2.357813153,1.704522023,-0.709567924,-4.611871706,-0.297088607,-1.166192626,-3.02242537,-1.111898854,1.687449704,3.915768451,2.94434856,2.732360583,1.841757858,1.357962949,-11.2335321
Estonia,EST,9.556418469,6.681033541,7.449840428,8.277712285,7.444416375,10.15499479,10.41473423,8.071025334,-4.877286528,-14.46432838,2.678164039,7.589211665,3.59836216,1.820154161,3.281874814,1.786274694,3.125538305,5.664039082,3.772023311,3.710285764,-3.254306892
Ethiopia,ETH,3.059110082,5.227320231,-1.354735386,-4.91130019,10.40753064,8.733089642,7.808741741,8.437275283,7.793016544,5.843986301,9.460612488,8.094846233,5.616571431,7.499868081,7.213184252,7.391468863,6.509712037,6.684559618,4.053940151,5.604369736,3.395270066
European Union,EUU,3.775676265,2.040318047,0.878192623,0.549766283,2.207741969,1.563431343,3.158155206,2.80890868,0.318885923,-4.5738622,2.1070093,2.039328841,-0.852667603,-0.274475759,1.322187017,2.088224211,1.79216798,2.652687755,1.899147548,1.752866354,-6.08266069
Fragile and conflict affected situations,FCS,3.0020883,1.520034158,2.179642519,-2.617359473,8.607778194,3.904048892,3.814662952,3.858203504,3.438055751,3.205657712,4.627017355,-2.117075838,2.561215087,2.115183211,1.216326256,-0.755258962,-0.12332153,-0.33500394,0.485179888,0.757932906,-6.914519895
Finland,FIN,5.553997853,2.37665487,1.460928622,1.76083857,3.690587797,2.428689227,3.628941348,4.852313276,0.315886377,-8.513028487,2.714966735,2.073396315,-1.865591174,-1.357215611,-0.776108383,0.21302942,2.516379895,2.950531373,1.00788071,1.109278713,-2.96029271
Fiji,FJI,-2.270760967,1.635071277,3.031133592,0.898390186,5.070052183,0.241362805,1.081948792,-1.836711174,-0.063278625,-2.342562043,2.214677033,2.272769687,1.222105639,4.669244737,5.500525357,4.238331894,2.002475447,4.746549918,3.103810437,-1.168767515,-16.32193256
France,FRA,3.214280673,1.24418882,0.402714806,0.111081739,2.075364595,0.89976454,1.737540033,1.792982211,-0.303759657,-3.371737206,1.447008132,1.699612965,-0.17120673,0.05991638,0.479077572,0.754024352,0.829056665,1.994998447,1.585878806,1.620358453,-8.050310081
Faroe Islands,FRO,,,,,,,,,,,,,,,,,,,,,
"Micronesia, Fed. Sts.",FSM,5.189190234,2.391633294,0.681339667,1.690882858,-2.827454617,2.512008711,0.640548868,-0.960209391,-1.566869624,1.66055815,2.314039053,2.657908896,-2.860302471,-4.967408213,-3.689665114,3.236354581,-0.316499162,1.534322533,-0.837259216,0.133812945,-2.798825118
Gabon,GAB,-4.223428104,-0.271911474,-2.595249372,-0.203297917,-1.827494702,-0.038249644,-5.497409724,2.954273423,-6.235720923,-3.085416602,3.448828772,3.24685306,1.338142101,1.720683274,0.619753592,0.471417196,-0.969040474,-2.297541168,-1.753505227,1.371169209,-4.181858235
United Kingdom,GBR,3.302607784,1.680456503,1.691811111,2.551255625,1.774937925,1.891275729,1.832826085,1.476241412,-1.021703087,-4.96888827,1.333971159,0.667756093,0.766760919,1.209899645,2.235458153,1.812661638,1.491364299,1.442929368,1.036855219,1.099995912,-9.906992784
Georgia,GEO,3.838100069,6.443911043,6.424463063,11.81131435,6.451674622,10.28800429,10.04357676,13.16775225,2.730182663,-2.790940254,7.027385327,8.264988721,7.155378254,3.933646408,4.382901471,2.860094243,2.844902055,4.828569855,4.883854929,5.162618817,-6.605768592
Ghana,GHA,1.190821384,1.483403745,1.973759244,2.645163527,3.008590532,3.267291612,3.716463153,1.689117911,6.371072784,2.21106719,5.249330641,11.31541073,6.733555677,4.847518058,0.525773601,-0.170049025,1.076960521,5.754348517,3.89661431,4.229181264,-1.702517021
Gibraltar,GIB,,,,,,,,,,,,,,,,,,,,,
Guinea,GIN,0.189608638,1.486591648,3.094712681,-0.683348241,0.360763118,0.918509748,-0.96124504,4.452467487,1.773827012,-3.362002836,2.471781262,3.298362323,3.612712136,1.647934006,1.295929288,1.272744537,7.92853485,7.292111815,3.387515218,2.6933842,4.04316299
"Gambia, The",GMB,2.250232431,2.504655437,-6.294780752,3.504378695,3.716660241,-5.33865336,-3.536144128,0.001805761,3.146012797,3.540486994,2.78270338,-10.86161369,2.099381776,-0.2017194,-4.346060998,0.973886804,-1.058018639,1.75610362,4.121817763,3.09684345,-3.063275248
Guinea-Bissau,GNB,3.30564338,0.040375274,-3.143850844,-1.691837615,0.399087996,1.828782902,-0.115545092,0.778358963,0.679283268,0.792691755,1.953241875,5.291510584,-4.283799432,0.544735071,-1.670703692,3.398630327,3.566521842,3.270713428,-1.210551693,1.964201464,-4.734913754
Equatorial Guinea,GNQ,13.45250536,56.78893599,14.61346907,9.261755057,32.17060875,11.67424809,2.904220783,10.06409587,12.44132618,-3.237158524,-12.9827464,1.858554846,3.656596131,-8.160645827,-3.68833399,-12.7113392,-12.31359342,-9.167724698,-9.600231963,-9.23893173,-8.079632568
Greece,GRC,3.495563747,3.591652695,3.542623077,5.542360362,4.80137907,0.304567957,5.335601862,3.010984078,-0.599389805,-4.552117048,-5.600368519,-10.01628121,-6.582904449,-1.806551373,1.147211957,0.463652786,-0.072424584,1.29229029,1.874903163,1.910891048,-8.967905616
Grenada,GRD,4.4718151,-2.408242852,3.044078851,9.077703052,-0.974036142,12.93849632,-4.251491961,5.87626038,0.685259166,-6.904598969,-0.923352377,0.237495487,-1.767795656,1.670160948,6.62647792,5.760411235,3.118698122,3.863139197,3.761292371,0.238209643,-14.10422464
Greenland,GRL,6.911024645,0.999463557,-1.424258359,4.143053963,6.632323711,4.943236044,5.855030281,2.748781079,6.593978749,0.874906571,0.695314556,-0.470283635,1.536976945,-0.726861643,5.091927333,-2.214918882,4.547808581,0.077664774,2.116719461,1.313471181,
Guatemala,GTM,1.117529132,-0.096568126,1.48038852,0.348007859,0.968363113,1.152934092,3.238219371,4.25714893,1.321659783,-1.395470656,1.01189486,2.28579517,1.16050889,1.888642581,2.653911909,2.346295146,0.989365749,1.415648841,1.681706931,2.258711898,-3.004903397
Guam,GUM,,,,0.527535239,6.243879975,3.438180125,-3.800091091,0.591037617,1.913329816,0.315683902,2.130483334,-0.079646769,1.942337691,1.420992009,1.418773248,0.299915105,-0.492462435,0.07146292,-1.611965062,1.604283733,-12.62715267
Guyana,GUY,-0.973072906,2.487043655,1.18925012,-0.679299402,1.482317919,-2.006016522,5.104395201,7.170845585,1.560015951,3.751076345,3.541128971,4.975326952,4.915011853,3.122050545,1.141212887,0.154585161,3.279030206,3.21852431,3.933024572,4.845497408,42.78930049
High income,HIC,3.473402384,0.81155131,0.909141156,1.594436379,2.69788901,2.217815408,2.379283822,1.949665053,-0.426589654,-3.915842574,2.30675777,1.460093994,0.788328152,0.910056267,1.543248148,1.906890613,1.240919062,1.859085481,1.87081877,1.355718684,-4.812636993
"Hong Kong SAR, China",HKG,6.718478978,-0.177491526,1.207464663,3.259892525,7.855590954,6.92005191,6.347375637,5.553520094,1.518772106,-2.668971775,5.986389842,4.112123308,0.58377083,2.687928447,2.043132352,1.519978171,1.538646571,3.017315978,2.027927692,-2.418395612,-5.760112706
Honduras,HND,4.396736963,0.024209647,1.098739428,1.942219727,3.655901373,3.547847381,4.120046637,3.819035508,1.979591927,-4.464506794,1.652306417,1.837464552,2.200268026,0.947637134,1.250739368,2.04738682,2.123580991,3.083615218,2.128163573,0.98266168,-10.42150115
Heavily indebted poor countries (HIPC),HPC,-0.049019496,1.012441417,0.43940097,0.903787341,2.696451209,2.661167833,2.955671384,2.58064184,2.766255344,0.874366249,3.17249365,1.565126812,1.06063893,2.808308753,2.885714261,1.895085292,1.558450183,2.138233554,1.519481799,1.622109983,-2.272851742
Croatia,HRV,3.915520235,7.074104789,5.659852568,5.495907848,4.120278742,4.178203319,4.913674655,4.935740218,1.907548898,-7.184268663,-1.026461832,0.260322579,-1.976549571,-0.085232837,0.060814841,3.374092807,4.258016342,4.66317567,3.823527345,4.056979224,-7.689829692
Haiti,HTI,-0.854830509,-2.02138858,-0.625861056,1.783715538,-2.920993475,1.410885994,0.140685217,3.046369889,1.048612083,4.253333047,-7.086010316,3.526972193,-0.974112645,2.822704593,0.292192414,1.157363129,0.455879684,1.18118263,0.380728429,-2.90574712,-4.525491823
Hungary,HUN,4.750946897,4.313089819,5.039959215,4.383083423,5.233218291,4.502906115,4.109759625,0.432445389,1.183479368,-6.450670158,1.311838915,2.149195772,-0.746488356,2.08709319,4.504860615,3.95021691,2.493985116,4.546135601,5.493163302,4.601390464,-4.466672357
IBRD only,IBD,4.6621697,2.435804912,3.457106632,4.82539184,6.568091297,6.10628106,7.18959631,7.920273674,4.913214413,1.881354678,6.794233896,5.359692599,4.256919684,4.26968287,3.755277839,3.419836548,3.681276008,4.228378325,3.945585162,3.140958702,-2.23291018
IDA & IBRD total,IBT,4.213622427,2.215177894,3.228704457,4.441101555,6.180396224,5.706002349,6.692861911,7.362331809,4.521190606,1.73304487,6.338118739,4.866422992,3.804273249,3.968611669,3.50264636,3.01887462,3.23896958,3.805647789,3.555902541,2.762540646,-2.513367501
IDA total,IDA,1.259768979,1.878693914,2.881673918,2.407901294,4.188842062,3.595136787,3.548540444,3.546501158,2.591679843,2.673712008,3.799383319,1.741138213,0.948225483,3.003533219,3.23330523,1.035502673,0.857646065,1.760275839,2.142587224,1.671762008,-2.326585824
IDA blend,IDB,1.187144942,1.912188464,4.598165241,2.696417154,5.049364632,3.516316313,3.342261384,3.297609478,1.642144494,3.397674002,3.546509104,2.178451705,2.155517299,3.101859735,3.411756469,1.443170041,-0.623647228,0.540288377,1.324572217,0.070903115,-3.484090853
Indonesia,IDN,3.482210606,2.235179698,3.090635928,3.376532827,3.630908791,4.289591484,4.107514355,4.946468138,4.620033675,3.247328238,4.812273068,4.748318533,4.606485522,4.151428229,3.639072303,3.555062495,3.758837332,3.841197264,3.987824861,3.871444142,-3.10714219
IDA only,IDX,1.331300662,1.868902983,1.254182064,2.164916594,3.37244972,3.694212272,3.758404987,3.780894774,3.507937262,1.952576769,3.975955518,1.252741095,-0.272843281,2.85146715,3.005963299,0.588583901,2.321232252,2.939254238,2.919696053,3.181295595,-1.245263929
Isle of Man,IMN,4.005340593,4.362370513,5.37147603,5.247445112,4.357238821,4.873880004,6.388248424,6.035028016,3.507028468,1.054545831,2.818757271,1.960347602,7.754378754,4.822480633,5.781287488,-0.079411014,6.870135285,4.295649045,1.650502632,-0.356701749,
India,IND,2.021088595,3.027376664,2.064876099,6.0937051,6.193652699,6.231949735,6.403284237,6.04817415,1.587598304,6.351088271,7.04234767,3.893966041,4.165673052,5.135074506,6.186679513,6.796759064,7.082227583,5.665781149,5.433077451,2.992664406,-8.164893908
Not classified,INX,,,,,,,,,,,,,,,,,,,,,
Ireland,IRL,7.950754193,3.641153981,4.126674296,1.3452015,4.851231497,3.457447315,2.188033451,2.304713677,-6.414123608,-6.05945253,1.202141007,0.628754225,-0.474980681,0.73518837,7.921896745,23.9990932,0.896822101,7.760441977,7.687745795,3.491900991,4.587090685
"Iran, Islamic Rep.",IRN,4.482692788,-0.399535926,5.954625268,7.374448322,3.129949038,1.990106146,3.820526882,6.970579973,-0.839121843,-0.106537759,4.596441214,1.445848161,-8.553315151,-1.423453095,3.274967973,-2.611070513,11.86871536,2.327750916,-7.319910527,-8.036286274,2.06002955
Iraq,IRQ,13.46078754,-1.225551334,-10.86335891,-38.41822566,49.48028034,-0.625885621,3.622349736,0.195033168,6.418962303,1.283329328,3.652094696,4.104570252,9.77517248,3.515701426,-3.456831373,1.306943781,10.56009746,-4.282981763,0.281705315,3.595620067,-17.58660744
Iceland,ISL,3.557391044,2.64000021,-0.334077504,1.43779619,6.860105685,4.457828851,3.850348692,5.745281288,0.3264001,-7.978362405,-2.692847708,1.535147199,0.527304433,3.568175782,0.562209389,3.354145333,4.838299214,1.779410135,2.120301494,0.206935275,-7.999645528
Israel,ISR,6.052660395,-2.229670142,-2.185876541,-0.66052795,3.076807861,2.338688708,3.923320745,4.234026246,1.637059977,-1.245888897,3.771636092,3.609993707,0.942143218,2.840133902,2.145087737,0.273166454,2.434861136,2.372949592,1.999231494,1.811358909,-3.882774202
Italy,ITA,3.739946533,1.894123995,0.104759514,-0.305508789,0.769317663,0.323656244,1.48515736,0.975922133,-1.615940627,-5.711508383,1.400915343,0.53428744,-3.24206012,-2.9724038,-0.91781388,0.875477402,1.465690444,1.820333852,1.11781662,1.574737716,-8.670919099
Jamaica,JAM,0.041904059,0.586824056,1.310312585,3.031373172,0.74445447,0.342085609,2.360648565,0.925752257,-1.298074454,-4.823260758,-1.969941261,1.17354565,-1.179993906,-0.065368676,0.114534393,0.36689482,0.844390414,0.49207659,1.40370908,0.432912117,-10.39158965
Jordan,JOR,2.39908093,3.356513202,3.790760873,1.928129024,5.722701516,4.669068394,4.017388492,3.615117594,2.306415735,-0.107449997,-2.874259126,-2.643342214,-2.978341756,-2.557640892,-1.250620961,-1.349906171,-1.077221007,-0.328485921,0.098191703,0.579046463,-2.530193235
Japan,JPN,2.592891087,0.14451169,-0.190392014,1.318091962,2.151723329,1.794339801,1.308127183,1.367422326,-1.272109949,-5.68145234,4.079223048,0.209251803,1.536786659,2.152371066,0.429381123,1.668465117,0.870046945,1.842709058,0.76286091,0.4800882,-4.260289561
Kazakhstan,KAZ,10.13011649,13.69319315,9.795470244,8.932922844,8.841019375,8.72919995,9.53532792,7.661443135,1.383236316,-0.786442204,5.794225111,5.873507662,3.33405607,4.485117035,2.676720925,-0.268267118,-0.327514633,2.693432134,2.74053638,3.16101154,-3.751691999
Kenya,KEN,-2.125154281,0.987009104,-2.143715676,0.180879189,2.28319586,3.044994854,3.576193194,3.933089234,-2.503375539,0.503848174,5.156172559,2.327212115,1.820962224,1.115072234,2.36632834,2.384487265,1.720986009,1.397716647,3.221429193,2.622086845,-2.535856123
Kyrgyz Republic,KGZ,4.194824155,4.326996496,-0.930865788,5.914001602,5.739479902,-1.29507487,2.000426388,7.512743465,7.376440493,1.651651396,-1.651752874,4.674715629,-1.738142584,8.735789273,1.957996971,1.75886441,2.231805266,2.734091891,1.713209106,2.439335207,-10.49368541
Cambodia,KHM,7.561399459,5.967444109,4.619793214,6.662163866,8.564605694,11.48495835,9.091563978,8.583162419,5.124827928,-1.402999,4.344632712,5.381835402,5.577848685,5.599986878,5.40174788,5.264089339,5.272608976,5.372021624,5.879385839,5.516808289,-4.494042119
Kiribati,KIR,4.442346425,-3.122233354,2.047131384,0.247278155,-3.431593632,2.881451911,-2.19152749,-0.279920855,-4.301219944,-1.362500922,-2.850940507,-0.156551831,3.11476839,2.73885961,-2.05944794,8.872112577,3.640943958,-0.545552671,2.262879695,2.36588746,-3.456358874
St. Kitts and Nevis,KNA,8.892030685,4.028694428,0.097476702,-5.153414917,2.707701647,8.493841318,2.101575729,-0.317601932,5.220694245,-4.879099244,-1.444823709,0.940767821,-3.088498316,4.447700634,5.347046391,0.189191581,12.46141662,0.110808947,1.912681113,4.014505337,-14.97611328
"Korea, Rep.",KOR,8.15268966,4.051006403,7.10433311,2.614039827,4.781286153,4.087645147,4.712927655,5.266361146,2.23375226,0.27526898,6.274019889,2.891411994,1.865599496,2.696150961,2.556219509,2.268429401,2.539144729,2.870196962,2.419410192,2.041374651,-0.988901199
Kuwait,KWT,-0.090926975,-2.557304088,1.38889699,15.98891284,8.292893032,7.213201974,2.82833463,0.473425243,-3.384408998,-12.51211047,-7.945131651,3.532160996,0.869297947,-3.942897546,-3.979858899,-3.200578573,-0.228710262,-7.043499891,-0.741247103,-1.237854086,-10.0427425
Latin America & Caribbean (excluding high income),LAC,2.042410259,-1.199791295,-0.921852107,1.169282112,4.103762508,2.798621281,3.918014822,4.249162567,2.677875303,-3.17325793,5.53149802,3.388425773,1.339478069,1.808591235,0.309385029,-0.60767797,-1.319662717,0.936855812,0.560571386,-0.250912943,-7.683196279
Lao PDR,LAO,4.042749821,4.072494763,4.305584861,4.480877769,4.750571098,5.441348218,6.865327245,5.807303834,6.011721517,5.718576123,6.780744305,6.363904499,6.400760441,6.428109957,6.016186373,5.656565664,5.386222839,5.244751345,4.615955371,3.869747641,-0.962611714
Lebanon,LBN,-1.163790672,-0.016917751,-1.305247462,-1.622675505,2.453732272,-0.141752644,0.248100883,9.136660005,9.128690297,9.126381641,4.922354082,-3.959962122,-3.673752573,-2.779563941,-3.241386773,-3.600572025,-1.165417756,-0.771117558,-2.275890999,-7.107153733,-21.11600443
Liberia,LBR,,-0.754878664,1.334264238,-31.33307544,0.702091309,2.583517475,4.438441213,5.33663593,2.811231841,1.197886354,2.358236393,4.804845556,4.906862041,5.804668063,-1.866574334,-2.538562791,-4.013708727,-0.060039736,-1.293225465,-4.806127324,-5.290585636
Libya,LBY,2.092994144,-3.303341919,-2.531876757,11.21741121,2.822159733,10.16425424,4.903837021,4.787466824,1.244727456,-2.007171505,3.942213414,-62.37804654,121.7794718,-14.07297277,-24.49801081,-9.661140041,-3.901120722,24.97603817,13.44608674,1.039878866,-32.2381643
St. Lucia,LCA,-1.067677442,-4.291645939,-0.344585646,3.525477818,6.411634744,-1.377508574,4.930248301,0.317079625,3.488151516,-4.076946988,0.513073499,4.614488292,-0.830332598,-3.638582019,1.300969624,-1.814225001,3.129891366,2.971531737,2.397330756,-0.558717237,-20.7352861
Latin America & Caribbean,LCN,2.077062941,-0.913998597,-0.833783034,1.181733658,4.266869738,2.71630575,3.797248476,4.02767921,2.514358529,-3.12670729,5.253855107,3.288664846,1.39174353,1.778668543,0.311793396,-0.473668861,-1.136495621,0.900998158,0.686442099,-0.129842237,-7.558357809
Least developed countries: UN classification,LDC,1.575139383,2.551642947,2.532690386,2.318634821,3.917385399,5.078784318,4.51480249,5.023636457,4.18480145,1.771375488,3.772946685,0.927871192,0.822153456,3.252434636,3.121389785,0.051084257,1.417483507,2.05242977,2.103128299,2.614307207,-1.604210427
Low income,LIC,0.146628095,1.829092369,1.241117324,1.747314932,3.056600761,3.549104599,2.83518992,3.154446985,2.565958391,1.162526803,4.08754304,-1.85358909,-5.712400194,0.814301481,1.737507132,-3.001221184,-0.374303255,0.504036111,0.888782719,1.721045038,-1.992373231
Liechtenstein,LIE,1.916876397,-1.795514415,-1.9931845,-2.761161231,2.225484529,4.000756856,7.84663385,2.615940419,1.074833853,-1.860279419,,,,,,,,,,,
Sri Lanka,LKA,5.354733552,-2.243643061,3.142506997,5.049940435,4.557881914,5.383795801,6.842908741,6.010642397,5.197557743,2.82103706,7.27905886,7.677953239,9.002943471,2.59207381,3.985755206,4.046239566,3.338429756,2.414098662,2.194959772,1.631411979,-4.079409052
Lower middle income,LMC,2.596109164,2.181762939,3.018735482,4.405781204,4.828095416,4.425450726,4.793590828,5.184976418,2.599833559,2.974000836,4.938561808,3.193689355,2.675726621,3.530668818,3.975073659,3.50166011,4.407696458,3.681538878,3.14137287,2.133645513,-4.727602259
Low & middle income,LMY,4.253791595,2.282587939,3.307454145,4.509502218,6.256476501,5.823037637,6.771157328,7.44866774,4.583228211,1.815887721,6.4389378,4.906596037,3.89039972,4.060819641,3.55320489,3.041620036,3.27951523,3.831242722,3.542819674,2.756026075,-2.475009279
Lesotho,LSO,3.207521586,3.412375308,1.016902075,5.154336519,2.321097225,3.976062897,4.55389995,4.345591684,5.511195244,-1.404613646,4.979321472,4.185205961,5.744039856,1.113087594,0.967916193,2.348069814,2.788129091,-3.905641873,-2.009996944,-1.175467998,-10.33066867
Late-demographic dividend,LTE,6.172349439,4.438434792,5.281395682,6.11786805,7.504956729,7.061496076,8.609222724,9.555648208,6.26398992,3.058475647,7.416538997,6.482490357,5.099100398,4.917827742,4.475021832,3.995126103,3.77762601,4.612797238,4.819576292,4.226247422,-0.210640343
Lithuania,LTU,4.427475848,7.407519796,7.611827256,11.46771748,7.773001207,9.501044182,9.142617037,12.43525018,3.675240926,-13.88775336,3.80531559,8.461109064,5.246002459,4.603327729,4.431087654,2.988912971,3.829841264,5.751046557,4.990353856,4.850949754,-0.152550057
Luxembourg,LUX,5.510409395,1.854574681,2.149609899,1.379893359,2.760888181,0.926765761,4.339108315,6.442031366,-2.066473902,-5.014263013,1.88354731,-1.176797867,-0.76218341,0.814652309,0.232564441,-0.115476306,2.739791802,-1.116112962,0.055731942,1.276272647,-3.683002994
Latvia,LVA,6.699306357,7.710391423,8.338520121,9.475369413,9.470138793,11.91807254,12.99695525,10.84400184,-2.220578207,-12.82074909,-2.461855654,4.448986832,8.373232292,3.109187245,2.864266506,4.738947916,3.307419965,4.232734576,4.802866946,3.199320082,-2.99644879
"Macao SAR, China",MAC,3.427141009,0.502189515,6.268970799,8.88854282,23.55798627,5.554538563,10.87791363,12.04879793,1.238494277,-0.874648487,22.37633471,18.83070159,6.685009956,8.195606611,-4.179578239,-23.06341496,-2.418127533,8.260073121,4.938352107,-3.853485682,-54.64144697
St. Martin (French part),MAF,,,,,,,,,,,,,,,,,,,,,
Morocco,MAR,0.667221669,6.026203768,1.89366143,4.710760461,3.568440478,2.084364684,6.321998368,2.324166184,4.667118568,2.964337138,2.485683535,3.835245161,1.580555112,3.060307614,1.229529046,3.1031114,-0.28666032,2.90184502,1.844616997,1.340397041,-7.426651489
Monaco,MCO,2.901768621,1.161890299,0.010193915,0.05055366,1.384570779,0.862671134,4.730083367,13.31855025,-0.303447952,-12.21412207,0.993240373,5.764413602,-0.190209494,8.26827127,5.980005668,3.743202297,2.508612035,-4.310314684,5.161913395,6.123770179,-12.37565794
Moldova,MDA,2.315578644,6.337531865,8.04993381,6.900592116,7.666093328,7.761891043,5.091683561,3.238947505,8.005416601,-5.881267427,7.207007,5.879366918,-0.576697092,9.0730843,5.063648262,0.450049423,5.614620699,6.47716048,6.109432568,5.365698497,-5.389985281
Madagascar,MDG,1.248436347,2.759775047,-15.0421862,6.519029112,2.159816524,1.706699388,2.364196089,2.701078618,3.708377354,-6.65191727,-2.151856142,-1.188682621,0.23302,-0.437960225,0.585356838,0.390866454,1.234866404,1.185080524,0.476010182,1.674120161,-9.560812443
Maldives,MDV,1.662564067,-6.262938517,4.396568204,10.557182,3.109577721,-15.39566093,23.07508884,5.244789776,6.847085784,-9.839048373,3.646217774,4.354380906,-1.802359412,2.541358587,2.536754831,-1.615183238,1.733486915,2.69752963,4.075409428,3.813201205,-34.67909528
Middle East & North Africa,MEA,4.794535164,-0.589292684,-0.506829246,2.96063991,5.875863068,2.857555552,3.660696227,2.983105886,2.526128392,-1.333605069,2.85188453,1.82448902,1.396496052,0.739332223,0.979532616,0.493519689,2.704109328,-0.110669726,-0.259058785,-0.552339317,-5.609039829
Mexico,MEX,3.440976329,-1.792902633,-1.402939066,0.07226822,2.494831023,0.869521533,2.984432541,0.782569044,-0.357632975,-6.674165378,3.617190331,2.227163478,2.24713983,0.029452795,1.544035107,2.019036884,1.403020673,0.931456542,1.050314217,-1.260115672,-9.274229118
Marshall Islands,MHL,0.683098091,5.460915501,1.845627016,-3.634530807,-0.924187019,0.906783716,-1.258629119,2.712836761,-6.380040332,3.021279373,6.46802581,-0.898916356,-2.619101309,3.614207308,-1.383372742,1.152232974,0.823567722,2.663631082,2.938180832,5.957171986,-2.873387999
Middle income,MIC,4.420223493,2.385596754,3.447939791,4.669593953,6.430116717,5.980645045,6.963899548,7.650744025,4.740245339,1.942813584,6.600653761,5.144946741,4.168256689,4.221546856,3.69276499,3.254053633,3.456413191,4.006685435,3.715536071,2.912124077,-2.338637299
North Macedonia,MKD,4.074050806,-3.473683221,2.233456599,1.888916172,4.376888549,4.502440294,4.963207732,6.299935135,5.29995031,-0.541943605,3.140817721,2.164144173,-0.577169123,2.776257712,3.456748396,3.717656603,2.735853223,0.983736425,2.795615119,3.886552146,-5.018040513
Mali,MLI,-2.831837576,12.04794967,0.041695618,5.787907072,-1.612538665,3.145556735,1.270501414,0.096681516,1.342542287,1.443583279,2.039440592,0.118048942,-3.721738917,-0.629925021,4.021805765,3.09991301,2.749127738,2.194028423,1.642559835,1.663955253,-4.126625763
Malta,MLT,18.91149231,-1.914199916,1.803475236,3.391786304,-0.530048869,2.726684298,2.137339563,4.409934937,3.153000537,-1.876429441,5.026498265,0.042271605,3.185668056,4.002804551,5.505675489,7.023412892,1.73573001,5.198577394,1.569799693,1.47093023,-10.75854707
Myanmar,MMR,11.12214252,11.26405805,10.58596278,11.9379945,12.72236009,12.67269214,12.49990714,11.77401599,10.38872339,9.705151288,9.306946932,6.698147,5.609466915,6.985661215,7.313152293,2.493284682,9.748478824,5.081834102,5.759520091,6.084612683,2.482839336
Middle East & North Africa (excluding high income),MNA,4.225214397,0.591452778,1.13948279,0.20290969,6.069259104,2.554838058,3.293823863,4.261630227,2.1807274,1.183133707,3.429340483,-2.264987037,0.03334663,-0.368755558,0.179449648,-1.09511107,4.893317132,1.098203563,-1.073343029,-1.121983112,-5.117962696
Montenegro,MNE,3.279119285,0.693871395,1.496370321,2.074413928,4.241156669,4.026601866,8.431555487,6.662736076,7.032626846,-5.996977486,2.54625316,3.120074956,-2.80561175,3.447965787,1.68499388,3.332384578,2.925458009,4.704687527,5.102544398,4.096236943,-15.20847458
Mongolia,MNG,0.252106721,2.009088489,3.718467367,5.899204856,9.401052216,5.978599392,7.180644051,8.761859502,7.324727691,-2.815596221,4.56205081,15.15462467,10.15903263,9.437272086,5.744922128,0.388463385,-0.433679902,3.688533789,5.827151207,3.802940082,-6.104430814
Northern Mariana Islands,MNP,,,,1.136164865,-1.868989954,-11.6330419,-5.769971559,-5.550005911,-10.10265666,-16.92377285,1.814891754,-7.456247438,0.266900975,1.781340001,3.207374519,2.497510651,28.27385176,22.37359472,-19.82137902,-11.64579119,
Mozambique,MOZ,-1.491739913,8.950002804,6.132661916,3.743957312,4.775742134,3.610136919,6.644069136,4.781122153,4.411461495,3.447770232,3.620015654,4.504366966,4.345719361,4.042368828,4.434554491,3.740422053,0.884713237,0.77534648,0.4733402,-0.616865368,-4.04435369
Mauritania,MRT,-6.425193208,-3.449387574,-1.380754824,3.969726775,1.807470114,5.516578455,14.99794436,-4.742858861,-3.165059156,-2.768449279,-0.339903893,1.149304307,1.428575877,1.124039487,1.266741106,2.370760983,-1.590183037,3.316367942,1.660832097,2.899922064,-4.382355251
Mauritius,MUS,7.144715981,2.534262837,0.911910203,5.161670447,3.677809319,1.176699104,4.37758681,5.246496953,5.006539071,3.041100455,4.129198852,3.911001251,3.209499474,3.132851971,3.556904276,3.416023947,3.766596483,3.720567642,3.703094593,2.979170021,-14.89663746
Malawi,MWI,-1.106432365,-7.329393443,-0.745437028,3.181779609,2.835476057,0.617777856,1.893652401,6.576016748,4.612417473,5.259089045,3.849698158,1.89312525,-0.985556989,2.255881338,2.778323279,0.002104471,-0.255665063,1.263570639,1.670033662,2.699812282,-1.840967838
Malaysia,MYS,6.357502162,-1.66514896,3.21739523,3.687919112,4.698581744,3.282258341,3.524327073,4.236438786,2.847079459,-3.28559033,5.623555972,3.666105224,3.959552763,3.270041918,4.595209998,3.687721643,3.041601285,4.383943957,3.435158958,3.06080886,-6.860273427
North America,NAC,3.050771077,0.025496934,0.903082252,2.044954916,2.849585164,2.667407362,1.960429964,1.279858922,-1.002347276,-3.444665249,1.727030487,0.913402258,1.424974399,1.140055273,1.774344595,2.125026732,0.879867725,1.684809322,2.34544204,1.574818964,-3.959531844
Namibia,NAM,1.720469903,-0.435646035,3.212348044,2.709075875,10.58503732,0.911754304,5.280654309,3.525588617,0.797839195,-1.518913563,4.145645876,3.248400695,3.238880121,3.783360102,4.229598016,2.396122021,-1.796433482,-2.863621404,-0.825493378,-2.724661367,-10.17075172
New Caledonia,NCL,0.177142842,,,,,,,,,,,,,,,,,,,,
Niger,NER,-4.710071937,3.43611295,1.143261017,-1.529080605,-3.290570378,3.404276735,2.040299732,-0.660036863,3.736697039,-1.848772464,4.483449184,-1.534132849,6.321862258,1.279490559,2.563307506,0.418328366,1.737225296,1.046750786,3.195954395,1.997062626,-0.253615444
Nigeria,NGA,2.419132598,3.29057075,12.45746816,4.657786291,6.489603677,3.721623939,3.326217878,3.822072301,3.972510493,5.197954409,5.15854535,2.525322229,1.472851229,3.853722679,3.51397656,-0.029282305,-4.168388406,-1.788817621,-0.679724708,-0.379752402,-4.260113144
Nicaragua,NIC,2.494285239,1.438912621,-0.673728588,1.110599769,3.882831193,2.8680733,2.735244475,3.642276137,2.022687036,-4.607404722,3.002818391,4.89429304,5.08092217,3.543392464,3.416526898,3.436559084,3.223799153,3.307216049,-4.569253481,-4.852108646,-3.147036838
Netherlands,NLD,3.453538256,1.557458129,-0.42036774,-0.315789835,1.63118807,1.812699193,3.29494984,3.547359498,1.773356664,-4.161038495,0.824259853,1.078628274,-1.395919336,-0.424178694,1.059101254,1.508266184,1.649315547,2.304284733,1.764937264,1.289889121,-4.329611883
Norway,NOR,2.537301756,1.559548852,0.900636375,0.319967274,3.356838854,1.928840748,1.578419866,1.934064976,-0.76815344,-2.958585549,-0.54479433,-0.320026519,1.362984873,-0.180216051,0.826056236,0.957500763,0.18505968,1.500180926,0.453550486,0.067992626,-1.300000154
Nepal,NPL,4.287565074,3.052242503,-1.412545104,2.47272123,3.288760446,2.172198936,2.08701725,2.173334103,4.974641,3.689497145,4.313246945,3.314689744,4.639947272,3.803477456,6.054086832,3.556335384,-0.481931972,7.521029892,5.848710828,4.744512715,-3.8629877
Nauru,NRU,,,,,,-2.459197991,9.608731047,-23.00600679,21.80161943,8.377896613,10.40063942,9.344522793,10.6275113,29.69099866,25.56613859,2.8540011,2.58258545,-6.664971381,5.094015962,-0.798959495,0.495884603
New Zealand,NZL,2.302162859,2.856935696,2.87172757,2.5066779,2.493485782,2.161439938,1.634447486,2.071338764,-1.950728096,-1.128572694,0.405531884,1.480014901,1.68167001,1.909746478,2.103712777,1.617208938,1.426238362,1.471532859,1.373543647,0.027564149,-0.240800771
OECD members,OED,3.316023586,0.640200734,0.837459382,1.36580077,2.525487686,2.1425311,2.338079401,1.909128616,-0.486357864,-4.014597775,2.243762013,1.375473763,0.74376611,0.881965573,1.488190658,1.917589705,1.174976149,1.875177317,1.772124916,1.232812894,-4.888438711
Oman,OMN,5.936793378,3.254208286,-2.791015949,-4.761276802,-1.166451741,-0.192375635,2.53425168,1.449056144,4.510990414,1.492229981,-3.812397629,-3.741172267,1.17838135,-2.228728729,-5.308807637,-0.891334462,0.077516184,-3.709651671,-2.142979565,-4.021127167,-5.696061103
Other small states,OSS,,2.381613549,2.775888545,2.693110233,7.013258594,3.512925496,8.233889269,7.163307377,4.608360531,-0.727697627,6.004461729,5.120965869,1.36973766,1.597114959,1.704029246,1.006013309,0.914328292,-0.79721381,0.177206791,0.141020125,-6.831003841
Pakistan,PAK,1.53612336,0.975939704,0.060411007,3.328596582,5.095222794,4.100530677,3.498108506,2.467958138,-0.574300931,0.560537621,-0.601301452,0.554047984,1.329475813,2.223673383,2.50719159,2.566467104,3.347911652,3.383928004,3.681034462,-0.8808181,-2.875945615
Panama,PAN,0.710915778,-1.35632658,0.295907822,2.261670349,5.538942489,5.232159436,6.68387882,9.97372368,7.90195582,-0.539359768,3.983879066,9.397933867,7.910980198,5.096965309,3.292822882,3.942836588,3.170454687,3.799463619,1.945103244,1.292536373,-19.24427647
Peru,PER,1.213143617,-0.656177993,4.279670571,3.132769336,4.000695407,5.362369056,6.626200639,7.63365404,8.250604564,0.287054626,7.455366293,5.467420707,5.267507298,4.902582604,1.305657512,1.963344408,2.422904855,0.829126309,2.197948449,0.565474348,-12.39213069
Philippines,PHL,2.152993476,0.874874017,1.558965066,2.952691514,4.482676553,2.978370939,3.444174497,4.712140541,2.626703133,-0.211698992,5.561000791,2.115926829,5.09072707,4.959414744,4.611113795,4.681878505,5.546712385,5.396653106,4.86730873,4.680376447,-10.78151355
Palau,PLW,,4.870145205,2.250503992,-4.09343382,4.597313992,4.364484234,0.812205616,4.0765934,-3.510571142,-4.455679066,2.091565623,7.921954141,2.324091344,-3.211686908,6.161168532,7.295562136,-0.382245191,-3.777986627,-0.676091288,-2.386734826,-10.19142496
Papua New Guinea,PNG,-4.68626066,-2.244984672,-2.188817999,0.116068953,0.605580054,4.041770062,2.999621432,5.256002817,-2.69317596,4.280569316,7.631711064,-1.080229832,2.479125015,1.726888402,11.28132033,4.461465034,3.398162799,1.494455652,-2.229167923,2.459006934,-5.343363388
Poland,POL,5.658715506,1.286416295,2.083172944,3.568273703,5.044271891,3.552349904,6.1984153,7.119699041,4.185759413,2.762519239,4.037237195,4.701322903,1.325138549,1.18682134,3.455985648,4.305814237,3.186070914,4.817573853,5.353914202,4.770539442,-2.502977768
Pre-demographic dividend,PRE,2.589368936,1.579629457,2.797714646,-3.601407251,8.838007689,3.144378528,3.358272071,3.269935607,3.538538006,1.892919977,3.506254631,1.295287558,1.324348665,2.847187658,2.085088047,0.287522637,-0.54423646,-1.223327069,-0.252547956,0.51522141,-5.656420913
Puerto Rico,PRI,2.98675151,6.086049154,0.78642427,-0.009183943,8.726426357,-1.845460369,-0.991029991,-0.582297438,-1.266583453,-1.416210879,0.092102072,0.80057306,1.24696939,0.842159018,0.436573539,0.706704569,0.666133348,-0.509099449,-0.187370305,1.474010583,-3.913534538
"Korea, Dem. People's Rep.",PRK,,,,,,,,,,,,,,,,,,,,,
Portugal,PRT,3.089054048,1.227263423,0.220542488,-1.301742086,1.545620102,0.595038718,1.441936413,2.305552113,0.174700555,-3.214389967,1.690928415,-1.551468317,-3.667531416,-0.377398249,1.337119967,2.214482885,2.341823216,3.759094389,3.01412373,2.658392606,-8.613931968
Paraguay,PRY,-4.275050599,-2.756562884,-1.892240056,2.449800142,2.285654074,0.493156058,3.227587174,3.923927666,5.045134054,-1.598880817,9.600801772,2.871009586,-2.061451531,6.816576449,3.87716,1.58379371,2.896856615,3.448948247,1.883631824,-1.65407082,-1.790980228
West Bank and Gaza,PSE,-10.86318838,-11.59863817,-14.69701378,11.13938647,18.84918086,8.482908417,-3.49430235,1.169825962,4.513711439,5.734576813,3.065654256,6.867834875,3.510367464,2.214850479,-2.471026305,1.372585088,6.446661461,-0.577622802,-1.304814192,-1.151613665,-13.63195905
Pacific island small states,PSS,-2.678323748,-0.061337069,0.897292718,0.957468843,2.98656972,0.968635955,1.121240039,-0.322020151,0.332127859,-2.262018736,1.812275524,2.573398917,-0.427736395,2.089308468,2.386698182,2.343322431,2.330949483,2.880929713,1.426641657,-0.568482159,-11.21644155
Post-demographic dividend,PST,3.484863143,1.016908043,1.069150245,1.590558755,2.679134006,2.306227964,2.452299357,2.049494415,-0.349046846,-3.842942818,2.371519238,1.404975194,0.814871323,0.961002311,1.535403833,1.846692829,1.319638611,2.000992995,1.929685856,1.429770453,-4.884322973
French Polynesia,PYF,2.071073682,,,,,,,,,,,,,,,,1.75934561,3.713960377,2.685711095,2.375694101,-8.132426894
Qatar,QAT,,0.089342757,2.857382834,-2.504994409,7.897160227,-6.428473517,6.764999751,-0.968201851,-0.20944178,-2.809622152,6.61828346,3.377158104,-2.910620036,-0.791157233,0.082046039,0.40489304,-0.378724504,-4.040775634,-0.837914028,-1.103232409,-5.197492282
Romania,ROU,2.593975232,6.696673666,7.655869434,3.081963843,11.05911322,5.316506112,8.670675853,8.829648237,11.1442089,-4.726982601,-3.328750364,2.408543966,2.495940298,4.157004108,3.997544304,3.438749236,5.305363967,7.941558658,5.090111107,4.73858787,-3.504430231
Russian Federation,RUS,10.463718,5.546717048,5.182746813,7.787965202,7.632492501,6.806606168,8.554944957,8.685760611,5.246214033,-7.827749092,4.453094432,4.218725874,3.849155632,1.538963817,-1.045257463,-2.183888387,0.010248462,1.709389916,2.815525692,2.078811309,-2.771565332
Rwanda,RWA,2.463828928,4.564086995,10.56060101,0.648529263,5.920775518,7.401920541,6.773734573,4.959010963,8.234460229,3.443600498,4.591583004,5.294458873,6.001737577,2.1833984,3.560878584,6.123834354,3.248439582,1.267473099,5.746140495,6.643583949,-5.782522382
South Asia,SAS,2.170628786,2.537687926,1.747465519,5.377480425,5.681416024,5.741189398,5.900781688,5.563633352,1.703110639,5.366910159,5.945487756,3.660679519,4.083162895,4.64713361,5.54368135,6.031663304,6.348031427,5.314822241,5.178801401,2.833162007,-6.777948719
Saudi Arabia,SAU,3.226493269,-3.721196754,-5.505149473,8.015643853,4.803411035,2.544036759,-0.0736673,-0.928187668,3.360690675,-4.787318594,2.008881749,6.704352977,2.203300234,-0.366653169,0.753966787,1.477060072,-0.603769619,-2.71382745,0.605723336,-1.325032136,-5.608695316
Sudan,SDN,3.442093537,3.577992814,3.088792049,3.359219284,2.243604773,2.739547888,3.613557402,2.858881617,1.059098862,-5.323342267,1.200455665,5.892689478,-7.668995075,-0.461617046,2.167038621,-0.513715753,1.015197229,-1.674314344,-4.981427129,-4.489843428,-5.906755904
Senegal,SEN,1.458931826,1.833327625,-2.340574717,3.011807629,2.043049772,1.676297833,-0.295754935,0.145326293,0.959376386,-8.20E-05,0.593291218,-1.431146901,1.14585218,-0.414523206,3.284135302,3.421501485,3.411823797,4.441187863,3.295346151,1.570496799,-1.213341926
Singapore,SGP,7.166804368,-3.701868237,2.970558101,6.088614451,8.453312084,4.864973877,5.646770928,4.573574739,-3.410977405,-2.853535498,12.5143074,4.143781719,1.929940775,3.153330888,2.59715384,1.773907808,1.99706567,4.427820162,3.012477443,0.192150836,-5.095470629
Solomon Islands,SLB,-16.57538393,-10.41306318,-5.360383231,3.766302526,3.969749473,2.9870471,2.428816263,2.108634129,3.445948274,0.20442483,6.007790541,4.565890119,-0.803712526,2.51714122,-1.659713924,-1.283749071,3.092868693,2.595508505,1.265303591,-1.359212002,-6.693315885
Sierra Leone,SLE,3.810032335,-9.684563546,21.02788609,4.36763959,2.02876511,0.587581535,0.941040847,5.164376638,2.924545674,0.899229403,2.999993256,3.924104272,12.6190955,18.05331112,2.274394131,-22.3120965,3.784444193,1.972229091,1.277389527,3.057634091,-3.981654333
El Salvador,SLV,0.387713347,0.214611682,0.974296173,1.024259931,0.391539693,2.229729368,3.876742062,1.419038494,1.694376294,-2.499332253,1.674149767,3.37090112,2.364627628,1.772805347,1.241379602,1.913344163,2.045533404,1.734694342,1.91195325,1.862065946,-9.041506281
San Marino,SMR,0.992372354,4.219616656,-0.960218525,2.469130512,3.172536026,1.090828213,2.536316107,5.777046207,-1.697517306,-11.45849124,-6.67263431,-9.571806844,-8.341735565,-2.158501479,-1.868946579,1.279966477,1.632641345,-0.241968818,1.205116385,2.132852518,
Somalia,SOM,,,,,,,,,,,,,,,4.625042424,11.78389739,5.431155335,-0.245105663,4.67226767,5.039205068,-0.462294726
Serbia,SRB,6.471472914,7.062707322,6.47847678,4.610065843,9.28288775,5.847869868,5.521892401,6.871969801,6.10631701,-2.340928202,1.136804338,2.845009607,-0.198378899,3.39452352,-1.126397327,2.311015889,3.88118476,2.645985862,5.067594881,4.893094256,-0.413904468
Sub-Saharan Africa (excluding high income),SSA,0.74271597,1.519278774,3.639473647,1.313218137,3.883186833,3.34981628,3.313050922,3.457221684,2.479968117,0.412765973,3.082900649,1.567121287,0.583000606,2.286286208,2.052416767,0.104692762,-1.518063959,-0.25571401,0.007943333,-0.075835226,-4.514063565
South Sudan,SSD,,,,,,,,,,0.384574825,1.431457455,-7.766913501,-47.59060134,10.49260882,1.416314383,-12.13179836,,,,,
Sub-Saharan Africa,SSF,0.740820594,1.512541528,3.634143401,1.304066171,3.875191415,3.352358308,3.315812655,3.460959484,2.473477995,0.409565056,3.082911564,1.57037284,0.581497978,2.287081726,2.052252068,0.106374817,-1.515225657,-0.253685796,0.00732182,-0.076841065,-4.521151538
Small states,SST,,2.046460871,2.744783568,3.166592823,5.989626738,3.316910686,7.573819385,5.999344394,3.706709609,-1.413665658,4.938805615,4.2718478,1.269724304,1.380254275,1.497102982,0.997135396,0.573511459,-0.617346849,0.431553485,0.165187252,-7.155973773
Sao Tome and Principe,STP,,,0.509168491,4.479632806,1.582489697,4.552989743,6.278349251,0.384431866,5.135728819,-0.342908452,4.013641084,2.050782804,1.021585816,2.805545968,4.562402256,1.977318631,2.226233309,1.910770169,1.020337945,0.302078271,1.155038083
Suriname,SUR,0.893731469,2.969035235,1.594696965,5.056044265,7.238034942,3.290467332,4.572700681,3.900563366,2.946946441,1.83392507,3.973684211,4.652577593,1.538693621,1.795953725,-0.828633107,-4.423046235,-5.883153118,0.567009682,3.948688807,0.163586538,-16.66353165
Slovak Republic,SVK,1.303577512,3.442924625,4.547441362,5.568547964,5.300318319,6.613004082,8.488188874,10.79969466,5.484390015,-5.581437238,6.194276042,2.505146676,1.185878164,0.54666178,2.624732872,5.115706788,1.80035278,2.82050738,3.650746342,2.466609371,-4.440749635
Slovenia,SVN,3.365877567,3.054123502,3.377418071,2.898197278,4.292355219,3.618340924,5.409482633,6.383588927,3.346279544,-8.380319592,0.90277138,0.652023243,-2.84370502,-1.163520875,2.667134059,2.133258028,3.116346601,4.747106183,4.044587379,2.534090905,-4.764678903
Sweden,SWE,4.598254794,1.177501892,1.864873974,1.929830384,3.927306257,2.44824844,4.075714897,2.675002671,-1.223069578,-5.151262729,5.052678573,2.418988511,-1.321002324,0.333984863,1.644244006,3.390176296,0.7961463,1.195147571,0.772577449,0.957561656,-3.646997137
Eswatini,SWZ,0.613763572,0.239633457,3.82227387,3.500157583,3.271428923,5.557738533,5.427472711,3.778704915,0.120966659,0.843358828,3.07449818,1.561657741,4.688052376,3.138953955,0.169409069,1.392651652,0.15939227,1.045685936,1.338591297,1.553151125,-2.868343171
Sint Maarten (Dutch part),SXM,,,,,,,,,,,3.751509141,6.542775596,-2.13646282,-4.136775648,-1.325377725,-2.547997424,-2.37652931,-7.204618721,-6.783794953,,
Seychelles,SYC,0.612194896,-2.356613212,-1.834808541,-4.816177359,-2.490007934,8.501896906,7.15334449,9.859154622,-4.310878182,-1.492677418,3.037276524,10.76086835,0.272336547,4.078024634,2.891898203,2.623391524,3.173270213,3.464142333,0.804608597,0.29648243,-11.5294348
Syrian Arab Republic,SYR,-1.758944251,-1.096464456,2.01945322,5.169416398,4.428762731,3.129768277,1.198692836,1.32071454,0.503795611,3.205860519,4.420452412,4.219561115,-24.02183561,-23.06127232,-6.150762489,0.649743498,-2.756790415,1.420466896,2.37767883,2.987632802,
Turks and Caicos Islands,TCA,,,,,,,,,,,,,-2.995467807,-0.867138288,6.750429372,9.43374831,5.552558428,-3.95617949,4.066057599,3.871291294,-27.77377817
Chad,TCD,-4.46365291,7.509964447,4.387231773,10.38086676,28.67599995,13.12726855,-2.821420492,-0.173823664,-0.315792039,0.822972034,9.826018521,-3.227471422,5.273564912,2.216612801,3.433064525,-0.490723968,-9.156942245,-5.928753132,-0.67492092,0.209664512,-3.835675153
East Asia & Pacific (IDA & IBRD countries),TEA,6.582409398,5.997528693,7.121824666,8.044462031,8.252366276,9.114306978,10.24431559,11.68162671,7.840492052,7.218295951,9.152759154,7.83077571,6.662064163,6.396404023,6.112389814,5.864650445,5.779590805,5.890947586,5.814924125,5.1696616,0.892621394
Europe & Central Asia (IDA & IBRD countries),TEC,7.486962318,2.696652951,5.091837462,6.145608751,7.781543761,6.543767212,7.717568271,7.455437997,4.1702741,-5.033279908,4.287411378,5.224932338,2.914294037,3.018730042,1.702027328,0.896546102,1.420123923,3.695454647,3.057939478,2.250979352,-2.078874012
Togo,TGO,-3.68379232,-1.928181014,1.140196823,4.045695113,-3.462289346,-7.110493624,-0.043763658,-3.803819189,1.273017968,2.711175099,3.276730202,3.58715393,3.745865982,3.35202984,3.200959833,3.069176646,2.933579113,1.792430161,2.439742089,2.938181662,-0.660830191
Thailand,THA,3.369970167,2.489321386,5.271098032,6.390886875,5.56090336,3.517297966,4.335650261,4.846460183,1.192207174,-1.189422364,6.988267191,0.357206476,6.740713898,2.222539214,0.550320663,2.720140847,3.050047927,3.818674251,3.861482289,1.976892457,-6.333597892
Tajikistan,TJK,6.639862358,7.808728605,8.932017007,9.053903903,8.299401532,4.705231043,4.940065467,5.661955012,5.696226076,1.71572809,4.198846064,5.026529019,5.079240788,4.935542823,4.204127962,3.477382997,4.314284564,4.486563433,4.992100906,4.863056824,2.126594707
Turkmenistan,TKM,4.301487425,3.247410327,-0.741712602,2.254406699,3.936784597,11.81550773,9.693754114,9.690413793,13.17501692,4.570603412,7.498680031,12.77435842,9.121127712,8.177891697,8.283239823,4.606271686,4.379076259,4.737302759,4.507687031,4.668637453,
Latin America & the Caribbean (IDA & IBRD countries),TLA,2.011815975,-1.164988619,-0.896088111,1.23307621,4.158001788,2.780979771,3.86536704,4.167726864,2.655264799,-3.196738429,5.522886605,3.434144915,1.432683296,1.853941723,0.341969509,-0.54878623,-1.168385371,0.971941971,0.74512262,-0.15009698,-7.516335088
Timor-Leste,TLS,,14.172596,-8.873159287,-4.703445698,-2.159766717,0.582400987,-6.129296667,8.139811763,9.38104854,8.21083405,7.406720234,4.086890947,3.016536695,1.255323777,2.639099122,0.874639775,1.435526698,-4.939962804,-2.623312021,17.21141038,8.252053137
Middle East & North Africa (IDA & IBRD countries),TMN,4.373090098,0.695637471,1.259908416,0.137523337,5.98228034,2.509994144,3.353857742,4.289108581,2.165860906,1.149164076,3.434930904,-2.341306804,0.001894993,-0.393100407,0.207277124,-1.118610678,4.878343648,1.116145796,-1.069484806,-1.120226577,-5.026525728
Tonga,TON,0.374503699,3.201115521,4.275188572,1.724549296,-3.017383643,-0.607278604,-0.939875466,-0.57250469,3.93250554,-5.667196249,0.722057102,7.254593289,1.629797454,1.266461612,2.771043311,1.415833174,6.188519527,2.452312649,-0.86336535,-0.517228593,-0.488055109
South Asia (IDA & IBRD),TSA,2.170628786,2.537687926,1.747465519,5.377480425,5.681416024,5.741189398,5.900781688,5.563633352,1.703110639,5.366910159,5.945487756,3.660679519,4.083162895,4.64713361,5.54368135,6.031663304,6.348031427,5.314822241,5.178801401,2.833162007,-6.777948719
Sub-Saharan Africa (IDA & IBRD countries),TSS,0.740820594,1.512541528,3.634143401,1.304066171,3.875191415,3.352358308,3.315812655,3.460959484,2.473477995,0.409565056,3.082911564,1.57037284,0.581497978,2.287081726,2.052252068,0.106374817,-1.515225657,-0.253685796,0.00732182,-0.076841065,-4.521151538
Trinidad and Tobago,TTO,6.628698311,3.802516524,7.464891701,13.8744747,7.401898216,5.686124914,12.68180338,4.282017161,2.919868614,-4.86017265,2.761309999,-0.894000091,0.619789046,1.557419329,-1.540161814,0.891688878,-6.097325969,-3.442733208,-0.350171817,-1.60945212,-8.151679972
Tunisia,TUN,3.687933102,2.889418734,0.528646976,3.923117943,5.419635751,2.621322986,4.269851109,5.637551422,3.139836372,1.95418835,2.444892243,-2.640299442,2.906225577,1.154958793,1.683125498,-0.054598177,0.008286165,1.086175267,1.342976888,0.27895876,-10.13443244
Turkey,TUR,5.32213582,-7.147845597,4.890330717,4.252446053,8.28603301,7.559697386,5.620645339,3.797987497,-0.382922616,-6.027912669,6.919606567,9.509983157,3.093101823,6.664883623,3.168090824,4.328127771,1.642463409,5.794264413,1.449522518,-0.427943737,0.695873101
Tuvalu,TUV,-1.476712592,0.711915909,6.592844843,-4.63580995,-2.821255106,-4.992469186,0.917470495,5.299443723,6.978278544,-5.332263721,-3.727928224,6.453543591,-4.891908691,3.564696643,0.202733035,7.903862972,1.814671677,2.875847514,1.25271621,8.343535173,3.187075984
Tanzania,TZA,1.978704412,3.342624572,4.224159913,3.733837575,4.512531372,4.489368363,3.579046849,3.801083999,2.731043461,2.293194511,3.290225792,4.549406244,1.441770134,3.637372694,3.581687916,3.027500479,3.716771195,3.643718302,2.355083458,2.719336486,-0.950176518
Uganda,UGA,0.098901358,1.997333297,5.370173021,3.140256843,3.45920391,3.016791246,7.345883493,5.048759643,5.331581697,3.471568351,2.324422695,5.965131422,0.586620052,0.290714168,1.640844576,1.572254863,1.018514894,-0.670054581,2.416779137,2.734740728,-0.360468368
Ukraine,UKR,6.971350137,9.949431183,6.344758858,10.40881627,12.64662435,3.829311564,8.301131618,8.863684994,2.798638467,-14.75897136,4.50634603,5.825144727,0.399973332,0.273493436,-4.8752463,-9.44383111,2.854797858,2.810645079,4.016385601,3.793718934,-3.350528266
Upper middle income,UMC,5.429227323,2.796167643,3.954603786,5.119793669,7.382035731,6.906843155,8.113052848,8.899941744,5.842995017,1.954191295,7.538661785,6.137515533,4.945657764,4.730470957,3.890141259,3.473412744,3.446952246,4.407235052,4.235320851,3.526855279,-1.172947998
Uruguay,URY,-2.276423412,-4.010015091,-7.747958307,0.877619993,5.072919934,7.450006594,3.985757573,6.338452994,6.904435822,3.949250124,7.495429539,4.86081146,3.230258359,4.314590135,2.904735403,0.030270417,1.329681214,1.257929132,0.109558006,-0.010198984,-6.18382416
United States,USA,2.975208629,0.003648976,0.802103854,1.980925835,2.84268064,2.563502409,1.867955516,0.911865594,-1.076700085,-3.387435662,1.716400257,0.815453101,1.502187905,1.138896602,1.776837703,2.319441456,0.977012682,1.687321406,2.455679199,1.697011299,-3.742961512
Uzbekistan,UZB,2.408081724,2.853468769,2.70878259,3.026728084,6.216411405,5.713013286,6.148245628,7.925723268,7.292860007,6.243041209,4.602330394,4.6775345,5.537338042,5.633700765,5.086104316,5.364816972,4.106072761,2.652484732,3.540796763,3.744517567,-0.221646203
St. Vincent and the Grenadines,VCT,1.616402157,1.610065843,6.122530128,7.463862039,3.966291001,2.396830938,7.702812383,3.424711092,1.692258013,-2.001505889,-3.321548838,-0.471680865,1.266822997,1.660664973,0.984202981,1.083547847,1.589541704,0.669624012,1.803779246,0.185859074,-3.561526318
"Venezuela, RB",VEN,1.747075965,1.489571628,-10.50397532,-9.384252353,16.26195718,8.498854953,8.16271834,7.167388944,3.79891882,-4.566962883,-2.905263395,2.561081426,3.924498809,-0.086885745,-4.732274757,,,,,,
British Virgin Islands,VGB,,,,,,,,,,,,,,,,,,,,,
Virgin Islands (U.S.),VIR,,,,-0.392409019,3.323031122,3.497713552,3.585222912,4.041316111,1.162598335,-6.600820338,0.640017046,-8.147450692,-14.73218495,-6.157647384,-1.62976238,-0.267922316,1.786070569,-0.517853882,1.853135032,2.531674356,
Vietnam,VNM,5.6186354,5.098526177,5.288175995,5.902514029,6.55097112,6.559631518,5.985664406,6.123617296,4.652442416,4.370659462,5.364173555,5.159950016,4.156777011,4.317549749,4.872835171,5.570525948,5.11813729,5.728088412,6.016398379,6.001036651,1.979230846
Vanuatu,VUT,3.803037157,-5.564906783,-7.504724428,1.650200866,1.357180092,2.709450194,5.886330223,0.488114523,3.142211474,0.556232443,-1.299385225,0.399805756,-1.761921249,-2.323436786,0.292587988,-2.308669357,1.981244443,3.644485109,0.377254096,1.415227004,-9.019024219
World,WLD,3.136720399,0.693508393,1.047436819,1.874367876,3.185807505,2.76691374,3.212067017,3.164002916,0.750754154,-2.498241765,3.252415349,2.131218759,1.434855974,1.608712078,1.891751919,1.963203908,1.637036983,2.217164811,2.138546095,1.520327771,-4.268432168
Samoa,WSM,6.399075,6.36663286,3.743046615,3.884789131,3.971229977,3.504504529,1.319361393,5.638726998,0.33393016,-5.470040304,-0.284324215,3.2567912,-4.906239962,-1.190435492,-0.732756414,3.601604158,7.553770496,0.619350401,-1.620921753,3.868764616,-3.239176189
Kosovo,XKX,,,,,,,,,,4.194651985,4.100371559,5.41043862,0.805675792,4.702935624,3.653587821,7.371867227,6.203622556,4.038708924,3.056664741,5.237433159,-4.620481386
"Yemen, Rep.",YEM,3.206016238,0.853210526,0.974937014,0.789261372,1.019040293,2.612533316,0.276761277,0.450023077,0.761275118,0.986325945,4.73290478,-15.10791857,-0.391864478,2.014174978,-2.802862427,-29.82714464,-11.61113725,-7.345180429,-1.59456381,,
South Africa,ZAF,2.742094405,1.339811737,2.397930209,1.69680817,3.289055054,3.982026202,4.277768208,4.008494537,1.823497224,-2.898732638,1.551072639,1.607665368,0.789721589,0.854344198,-0.179700599,-0.218801181,-0.806311267,-0.265300653,0.113021478,-1.196091441,-7.615875502
Zambia,ZMB,1.150472299,2.595789393,1.84369651,4.236981472,4.309002711,4.471526273,5.091439454,5.497461718,4.875218255,6.190386174,7.129809157,2.423883558,4.310198659,1.809748654,1.48057981,-0.187950013,0.706659429,0.494085598,1.048033561,-1.451364465,-5.550283259
Zimbabwe,ZWE,-3.538611606,1.078703931,-9.12560883,-17.18852764,-6.102906488,-6.154440866,-4.087313969,-4.442783571,-18.49117591,10.70137019,18.06588271,12.45284037,14.70107747,0.192473502,0.596149104,0.100575481,-0.793105405,3.192452571,3.356166071,-7.46862686,-7.620388191
